date,Paris_weather,Paris_min,Paris_max,Paris_avg,tweetCount,replyCount,retweetCount,likeCount,quoteCount,reactions,replyAvg,retweetAvg,likeAvg,quoteAvg,reactionsAvg,contest
2018-01-01,2,7,9,8.0,8,22,173,806,3,1004,2.8,21.6,100.8,0.4,125.5,0
2018-01-02,2,5,11,8.0,32,34,117,567,3,721,1.1,3.7,17.7,0.1,22.5,0
2018-01-03,2,9,15,12.0,22,411,109,533,26,1079,18.7,5.0,24.2,1.2,49.0,0
2018-01-04,2,10,14,12.0,31,66,344,975,12,1397,2.1,11.1,31.5,0.4,45.1,0
2018-01-05,2,8,11,9.5,23,45,123,568,4,740,2.0,5.3,24.7,0.2,32.2,0
2018-01-06,2,6,7,6.5,11,17,87,322,5,431,1.5,7.9,29.3,0.5,39.2,0
2018-01-07,2,6,7,6.5,7,23,191,767,5,986,3.3,27.3,109.6,0.7,140.9,0
2018-01-08,3,5,8,6.5,29,28,275,1184,14,1501,1.0,9.5,40.8,0.5,51.8,0
2018-01-09,2,5,8,6.5,21,33,144,570,6,753,1.6,6.9,27.1,0.3,35.9,0
2018-01-10,2,7,8,7.5,31,44,126,471,5,646,1.4,4.1,15.2,0.2,20.8,0
2018-01-11,2,5,7,6.0,42,151,2030,1322,14,3517,3.6,48.3,31.5,0.3,83.7,1
2018-01-12,3,4,5,4.5,63,121,204,947,4,1276,1.9,3.2,15.0,0.1,20.3,0
2018-01-13,3,3,6,4.5,14,21,65,425,4,515,1.5,4.6,30.4,0.3,36.8,0
2018-01-14,3,2,7,4.5,12,22,151,655,4,832,1.8,12.6,54.6,0.3,69.3,0
2018-01-15,2,5,9,7.0,41,78,634,2163,27,2902,1.9,15.5,52.8,0.7,70.8,0
2018-01-16,2,7,10,8.5,25,33,103,476,5,617,1.3,4.1,19.0,0.2,24.7,0
2018-01-17,3,5,7,6.0,29,38,123,436,2,599,1.3,4.2,15.0,0.1,20.7,0
2018-01-18,2,8,11,9.5,23,144,487,2962,12,3605,6.3,21.2,128.8,0.5,156.7,0
2018-01-19,3,5,7,6.0,21,65,92,421,7,585,3.1,4.4,20.0,0.3,27.9,1
2018-01-20,2,5,10,7.5,17,45,268,1019,5,1337,2.6,15.8,59.9,0.3,78.6,1
2018-01-21,2,5,10,7.5,11,20,259,899,4,1182,1.8,23.5,81.7,0.4,107.5,0
2018-01-22,2,8,12,10.0,29,349,3576,2948,35,6908,12.0,123.3,101.7,1.2,238.2,0
2018-01-23,2,7,11,9.0,23,95,531,2114,13,2753,4.1,23.1,91.9,0.6,119.7,0
2018-01-24,2,11,12,11.5,21,122,359,1858,9,2348,5.8,17.1,88.5,0.4,111.8,0
2018-01-25,2,8,11,9.5,24,249,452,2273,14,2988,10.4,18.8,94.7,0.6,124.5,0
2018-01-26,3,5,9,7.0,26,221,459,2192,20,2892,8.5,17.7,84.3,0.8,111.2,1
2018-01-27,3,4,8,6.0,9,43,111,640,7,801,4.8,12.3,71.1,0.8,89.0,0
2018-01-28,2,7,10,8.5,11,44,156,819,5,1024,4.0,14.2,74.5,0.5,93.1,1
2018-01-29,2,9,11,10.0,34,62,282,1595,5,1944,1.8,8.3,46.9,0.1,57.2,0
2018-01-30,2,8,10,9.0,29,107,268,1471,4,1850,3.7,9.2,50.7,0.1,63.8,0
2018-01-31,2,8,9,8.5,18,116,161,915,6,1198,6.4,8.9,50.8,0.3,66.6,0
2018-02-01,3,4,7,5.5,32,166,411,2135,16,2728,5.2,12.8,66.7,0.5,85.2,1
2018-02-02,2,3,6,4.5,23,76,202,1116,10,1404,3.3,8.8,48.5,0.4,61.0,1
2018-02-03,2,3,5,4.0,15,104,201,918,3,1226,6.9,13.4,61.2,0.2,81.7,0
2018-02-04,3,1,3,2.0,14,39,138,672,4,853,2.8,9.9,48.0,0.3,60.9,1
2018-02-05,2,-1,3,1.0,30,77,277,1277,8,1639,2.6,9.2,42.6,0.3,54.6,2
2018-02-06,2,-1,1,0.0,20,43,152,685,6,886,2.2,7.6,34.2,0.3,44.3,0
2018-02-07,2,-3,0,-1.5,54,130,422,2108,10,2670,2.4,7.8,39.0,0.2,49.4,0
2018-02-08,3,-4,1,-1.5,22,165,536,2412,19,3132,7.5,24.4,109.6,0.9,142.4,0
2018-02-09,2,-3,1,-1.0,46,9485,55466,28362,2388,95701,206.2,1205.8,616.6,51.9,2080.5,5
2018-02-10,1,-1,2,0.5,13,133,1112,2731,17,3993,10.2,85.5,210.1,1.3,307.2,5
2018-02-11,2,3,6,4.5,27,196,796,2091,3,3086,7.3,29.5,77.4,0.1,114.3,2
2018-02-12,3,1,5,3.0,28,154,803,2287,12,3256,5.5,28.7,81.7,0.4,116.3,2
2018-02-13,2,1,4,2.5,28,197,1048,2781,15,4041,7.0,37.4,99.3,0.5,144.3,5
2018-02-14,2,1,5,3.0,34,266,1081,2853,27,4227,7.8,31.8,83.9,0.8,124.3,5
2018-02-15,1,8,9,8.5,37,273,1177,3985,26,5461,7.4,31.8,107.7,0.7,147.6,3
2018-02-16,2,5,9,7.0,28,621,1412,4604,27,6664,22.2,50.4,164.4,1.0,238.0,6
2018-02-17,2,4,9,6.5,25,181,1086,3038,14,4319,7.2,43.4,121.5,0.6,172.8,5
2018-02-18,3,4,8,6.0,27,316,1762,4855,27,6960,11.7,65.3,179.8,1.0,257.8,5
2018-02-19,2,3,5,4.0,32,3474,1989,10675,71,16209,108.6,62.2,333.6,2.2,506.5,0
2018-02-20,2,3,7,5.0,23,53,215,1212,16,1496,2.3,9.3,52.7,0.7,65.0,0
2018-02-21,3,1,6,3.5,23,29,158,925,5,1117,1.3,6.9,40.2,0.2,48.6,0
2018-02-22,3,0,5,2.5,20,24,46,326,7,403,1.2,2.3,16.3,0.4,20.2,0
2018-02-23,3,0,4,2.0,29,328,87,482,15,912,11.3,3.0,16.6,0.5,31.4,0
2018-02-24,3,0,5,2.5,7,17,128,593,6,744,2.4,18.3,84.7,0.9,106.3,0
2018-02-25,3,-1,3,1.0,12,38,136,632,2,808,3.2,11.3,52.7,0.2,67.3,1
2018-02-26,3,-3,0,-1.5,41,101,130,719,18,968,2.5,3.2,17.5,0.4,23.6,1
2018-02-27,2,-4,-2,-3.0,24,34,189,833,5,1061,1.4,7.9,34.7,0.2,44.2,1
2018-02-28,2,-5,-1,-3.0,25,51,78,507,4,640,2.0,3.1,20.3,0.2,25.6,1
2018-03-01,2,-2,3,0.5,47,210,256,2308,25,2799,4.5,5.4,49.1,0.5,59.6,1
2018-03-02,2,2,8,5.0,29,172,589,1658,20,2439,5.9,20.3,57.2,0.7,84.1,1
2018-03-03,2,4,10,7.0,17,140,230,1096,4,1470,8.2,13.5,64.5,0.2,86.5,1
2018-03-04,2,5,7,6.0,22,204,260,1822,29,2315,9.3,11.8,82.8,1.3,105.2,0
2018-03-05,3,6,12,9.0,40,242,159,2090,15,2506,6.0,4.0,52.2,0.4,62.6,0
2018-03-06,2,6,11,8.5,31,25,90,488,1,604,0.8,2.9,15.7,0.0,19.5,0
2018-03-07,2,6,10,8.0,16,27,64,358,5,454,1.7,4.0,22.4,0.3,28.4,0
2018-03-08,2,7,9,8.0,24,164,213,1152,14,1543,6.8,8.9,48.0,0.6,64.3,1
2018-03-09,2,7,14,10.5,33,122,178,892,11,1203,3.7,5.4,27.0,0.3,36.5,1
2018-03-10,2,11,15,13.0,10,35,122,622,2,781,3.5,12.2,62.2,0.2,78.1,0
2018-03-11,2,13,17,15.0,9,14,87,522,2,625,1.6,9.7,58.0,0.2,69.4,0
2018-03-12,2,10,12,11.0,37,25,114,530,4,673,0.7,3.1,14.3,0.1,18.2,1
2018-03-13,2,9,12,10.5,33,59,111,766,11,947,1.8,3.4,23.2,0.3,28.7,0
2018-03-14,3,8,13,10.5,33,53,100,501,7,661,1.6,3.0,15.2,0.2,20.0,0
2018-03-15,2,9,13,11.0,19,219,669,2793,28,3709,11.5,35.2,147.0,1.5,195.2,0
2018-03-16,2,9,13,11.0,22,216,287,1355,9,1867,9.8,13.0,61.6,0.4,84.9,0
2018-03-17,2,3,7,5.0,7,21,84,433,3,541,3.0,12.0,61.9,0.4,77.3,0
2018-03-18,2,0,2,1.0,8,14,77,513,6,610,1.8,9.6,64.1,0.8,76.2,0
2018-03-19,2,0,3,1.5,31,99,176,871,4,1150,3.2,5.7,28.1,0.1,37.1,0
2018-03-20,2,2,7,4.5,21,90,206,1142,10,1448,4.3,9.8,54.4,0.5,69.0,0
2018-03-21,3,4,8,6.0,28,196,366,1697,16,2275,7.0,13.1,60.6,0.6,81.2,0
2018-03-22,2,5,8,6.5,22,146,282,1218,8,1654,6.6,12.8,55.4,0.4,75.2,0
2018-03-23,2,5,6,5.5,28,4180,31637,13107,797,49721,149.3,1129.9,468.1,28.5,1775.8,4
2018-03-24,3,5,13,9.0,10,74,269,767,3,1113,7.4,26.9,76.7,0.3,111.3,2
2018-03-25,3,10,14,12.0,13,229,729,1569,12,2539,17.6,56.1,120.7,0.9,195.3,3
2018-03-26,3,8,13,10.5,28,65,357,835,10,1267,2.3,12.8,29.8,0.4,45.2,0
2018-03-27,2,7,11,9.0,30,179,625,1586,17,2407,6.0,20.8,52.9,0.6,80.2,3
2018-03-28,1,7,12,9.5,23,246,905,2955,44,4150,10.7,39.3,128.5,1.9,180.4,3
2018-03-29,3,7,12,9.5,21,242,699,2129,18,3088,11.5,33.3,101.4,0.9,147.0,1
2018-03-30,2,6,10,8.0,29,251,476,1554,11,2292,8.7,16.4,53.6,0.4,79.0,2
2018-03-31,2,8,11,9.5,20,186,614,1363,6,2169,9.3,30.7,68.2,0.3,108.4,3
2018-04-01,2,8,10,9.0,11,43,338,634,5,1020,3.9,30.7,57.6,0.5,92.7,2
2018-04-02,2,10,16,13.0,12,114,530,1147,8,1799,9.5,44.2,95.6,0.7,149.9,2
2018-04-03,2,11,14,12.5,37,275,167,947,12,1401,7.4,4.5,25.6,0.3,37.9,1
2018-04-04,3,11,14,12.5,18,19,59,360,6,444,1.1,3.3,20.0,0.3,24.7,0
2018-04-05,2,9,10,9.5,19,21,69,461,1,552,1.1,3.6,24.3,0.1,29.1,0
2018-04-06,3,11,19,15.0,21,111,75,430,6,622,5.3,3.6,20.5,0.3,29.6,1
2018-04-07,2,15,20,17.5,9,13,61,392,3,469,1.4,6.8,43.6,0.3,52.1,0
2018-04-08,3,16,21,18.5,17,26,54,545,5,630,1.5,3.2,32.1,0.3,37.1,0
2018-04-09,2,12,14,13.0,23,57,106,578,10,751,2.5,4.6,25.1,0.4,32.7,0
2018-04-10,3,12,15,13.5,19,21,64,376,4,465,1.1,3.4,19.8,0.2,24.5,0
2018-04-11,3,13,18,15.5,12,17,68,376,5,466,1.4,5.7,31.3,0.4,38.8,0
2018-04-12,2,12,14,13.0,18,23,36,240,0,299,1.3,2.0,13.3,0.0,16.6,3
2018-04-13,3,13,17,15.0,30,72,107,729,5,913,2.4,3.6,24.3,0.2,30.4,1
2018-04-14,2,14,17,15.5,7,16,94,488,5,603,2.3,13.4,69.7,0.7,86.1,0
2018-04-15,2,14,17,15.5,8,54,84,662,8,808,6.8,10.5,82.8,1.0,101.0,0
2018-04-16,3,13,16,14.5,32,45,72,531,10,658,1.4,2.2,16.6,0.3,20.6,0
2018-04-17,3,15,21,18.0,24,44,110,578,3,735,1.8,4.6,24.1,0.1,30.6,1
2018-04-18,3,18,25,21.5,30,112,100,1052,9,1273,3.7,3.3,35.1,0.3,42.4,0
2018-04-19,3,20,27,23.5,22,67,219,1086,7,1379,3.0,10.0,49.4,0.3,62.7,0
2018-04-20,3,23,28,25.5,21,136,1050,603,11,1800,6.5,50.0,28.7,0.5,85.7,2
2018-04-21,3,21,27,24.0,9,26,114,433,6,579,2.9,12.7,48.1,0.7,64.3,2
2018-04-22,3,22,26,24.0,10,26,120,622,1,769,2.6,12.0,62.2,0.1,76.9,2
2018-04-23,3,16,19,17.5,35,38,186,858,5,1087,1.1,5.3,24.5,0.1,31.1,0
2018-04-24,3,15,20,17.5,25,65,163,891,13,1132,2.6,6.5,35.6,0.5,45.3,0
2018-04-25,2,13,15,14.0,23,70,53,448,5,576,3.0,2.3,19.5,0.2,25.0,0
2018-04-26,3,12,14,13.0,15,14,40,249,1,304,0.9,2.7,16.6,0.1,20.3,0
2018-04-27,3,14,18,16.0,18,22,80,433,1,536,1.2,4.4,24.1,0.1,29.8,0
2018-04-28,3,12,15,13.5,5,7,63,356,2,428,1.4,12.6,71.2,0.4,85.6,0
2018-04-29,2,10,12,11.0,7,47,122,661,5,835,6.7,17.4,94.4,0.7,119.3,0
2018-04-30,2,6,10,8.0,26,23,86,435,1,545,0.9,3.3,16.7,0.0,21.0,0
2018-05-01,2,10,14,12.0,1,34,194,1039,3,1270,34.0,194.0,1039.0,3.0,1270.0,0
2018-05-02,3,12,16,14.0,21,11,1,57,0,69,0.5,0.0,2.7,0.0,3.3,0
2018-05-03,3,13,16,14.5,9,17,88,547,3,655,1.9,9.8,60.8,0.3,72.8,0
2018-05-04,3,14,18,16.0,24,73,226,1193,6,1498,3.0,9.4,49.7,0.2,62.4,1
2018-05-05,3,16,23,19.5,2,86,42,301,7,436,43.0,21.0,150.5,3.5,218.0,0
2018-05-06,3,20,26,23.0,4,17,106,537,7,667,4.2,26.5,134.2,1.8,166.8,1
2018-05-07,3,21,25,23.0,21,35,35,322,6,398,1.7,1.7,15.3,0.3,19.0,1
2018-05-08,3,22,26,24.0,4,98,187,1146,7,1438,24.5,46.8,286.5,1.8,359.5,0
2018-05-09,3,17,22,19.5,26,47,85,635,5,772,1.8,3.3,24.4,0.2,29.7,1
2018-05-10,2,14,16,15.0,8,45,70,489,6,610,5.6,8.8,61.1,0.8,76.2,0
2018-05-11,3,15,20,17.5,26,43,143,748,4,938,1.7,5.5,28.8,0.2,36.1,0
2018-05-12,2,14,21,17.5,7,6,72,456,2,536,0.9,10.3,65.1,0.3,76.6,0
2018-05-13,2,11,14,12.5,8,37,91,658,13,799,4.6,11.4,82.2,1.6,99.9,0
2018-05-14,2,11,14,12.5,27,75,141,821,18,1055,2.8,5.2,30.4,0.7,39.1,0
2018-05-15,2,13,20,16.5,34,64,189,890,16,1159,1.9,5.6,26.2,0.5,34.1,1
2018-05-16,3,16,20,18.0,44,136,193,1186,9,1524,3.1,4.4,27.0,0.2,34.6,0
2018-05-17,3,12,18,15.0,24,993,1282,958,111,3344,41.4,53.4,39.9,4.6,139.3,3
2018-05-18,3,13,18,15.5,33,1166,13652,4919,239,19976,35.3,413.7,149.1,7.2,605.3,2
2018-05-19,3,14,18,16.0,14,53,368,848,10,1279,3.8,26.3,60.6,0.7,91.4,3
2018-05-20,3,16,21,18.5,16,74,249,825,10,1158,4.6,15.6,51.6,0.6,72.4,0
2018-05-21,3,17,24,20.5,32,44,178,773,6,1001,1.4,5.6,24.2,0.2,31.3,1
2018-05-22,3,19,23,21.0,39,572,8542,3028,108,12250,14.7,219.0,77.6,2.8,314.1,4
2018-05-23,3,18,21,19.5,38,64,154,702,18,938,1.7,4.1,18.5,0.5,24.7,3
2018-05-24,3,21,24,22.5,33,71,230,795,12,1108,2.2,7.0,24.1,0.4,33.6,2
2018-05-25,3,20,25,22.5,58,90,225,1116,18,1449,1.6,3.9,19.2,0.3,25.0,5
2018-05-26,3,23,28,25.5,9,30,57,383,3,473,3.3,6.3,42.6,0.3,52.6,0
2018-05-27,3,24,28,26.0,12,45,177,814,7,1043,3.8,14.8,67.8,0.6,86.9,1
2018-05-28,3,21,25,23.0,19,27,114,547,2,690,1.4,6.0,28.8,0.1,36.3,0
2018-05-29,3,20,24,22.0,29,53,150,510,13,726,1.8,5.2,17.6,0.4,25.0,2
2018-05-30,3,21,25,23.0,19,43,134,879,11,1067,2.3,7.1,46.3,0.6,56.2,0
2018-05-31,3,22,24,23.0,32,162,162,1311,17,1652,5.1,5.1,41.0,0.5,51.6,0
2018-06-01,2,19,20,19.5,53,87,45,351,4,487,1.6,0.8,6.6,0.1,9.2,0
2018-06-02,3,20,24,22.0,20,22,47,404,3,476,1.1,2.4,20.2,0.2,23.8,2
2018-06-03,3,22,25,23.5,11,9,40,353,2,404,0.8,3.6,32.1,0.2,36.7,0
2018-06-04,3,20,25,22.5,46,36,84,416,1,537,0.8,1.8,9.0,0.0,11.7,1
2018-06-05,2,17,23,20.0,30,121,73,751,6,951,4.0,2.4,25.0,0.2,31.7,0
2018-06-06,3,20,25,22.5,40,348,133,849,12,1342,8.7,3.3,21.2,0.3,33.6,1
2018-06-07,3,20,24,22.0,34,39,76,393,6,514,1.1,2.2,11.6,0.2,15.1,0
2018-06-08,3,22,25,23.5,30,101,212,882,13,1208,3.4,7.1,29.4,0.4,40.3,2
2018-06-09,3,22,26,24.0,8,12,152,579,6,749,1.5,19.0,72.4,0.8,93.6,0
2018-06-10,3,22,26,24.0,22,40,27,226,0,293,1.8,1.2,10.3,0.0,13.3,0
2018-06-11,2,20,23,21.5,16,48,85,606,13,752,3.0,5.3,37.9,0.8,47.0,0
2018-06-12,3,15,18,16.5,26,22,23,215,3,263,0.8,0.9,8.3,0.1,10.1,0
2018-06-13,2,16,17,16.5,19,36,29,328,2,395,1.9,1.5,17.3,0.1,20.8,0
2018-06-14,2,17,21,19.0,19,32,45,277,5,359,1.7,2.4,14.6,0.3,18.9,0
2018-06-15,3,19,22,20.5,19,19,73,341,4,437,1.0,3.8,17.9,0.2,23.0,0
2018-06-16,3,18,21,19.5,21,26,119,596,4,745,1.2,5.7,28.4,0.2,35.5,0
2018-06-17,3,16,20,18.0,8,11,47,317,6,381,1.4,5.9,39.6,0.8,47.6,0
2018-06-18,2,18,22,20.0,21,2656,3164,3200,347,9367,126.5,150.7,152.4,16.5,446.0,3
2018-06-19,2,18,22,20.0,19,36,93,504,5,638,1.9,4.9,26.5,0.3,33.6,2
2018-06-20,3,23,28,25.5,17,53,105,463,15,636,3.1,6.2,27.2,0.9,37.4,2
2018-06-21,3,17,20,18.5,28,96,196,954,13,1259,3.4,7.0,34.1,0.5,45.0,3
2018-06-22,3,16,20,18.0,28,53,103,626,12,794,1.9,3.7,22.4,0.4,28.4,0
2018-06-23,3,16,21,18.5,9,7,43,304,0,354,0.8,4.8,33.8,0.0,39.3,2
2018-06-24,3,19,22,20.5,11,16,226,1031,6,1279,1.5,20.5,93.7,0.5,116.3,0
2018-06-25,3,19,23,21.0,32,159,91,594,23,867,5.0,2.8,18.6,0.7,27.1,0
2018-06-26,3,21,25,23.0,22,41,55,428,2,526,1.9,2.5,19.5,0.1,23.9,1
2018-06-27,3,23,27,25.0,20,16,11,185,2,214,0.8,0.6,9.2,0.1,10.7,0
2018-06-28,3,23,26,24.5,20,33,12,148,1,194,1.6,0.6,7.4,0.0,9.7,0
2018-06-29,3,24,27,25.5,24,23,58,372,5,458,1.0,2.4,15.5,0.2,19.1,0
2018-06-30,3,25,30,27.5,23,69,640,3212,10,3931,3.0,27.8,139.7,0.4,170.9,0
2018-07-01,3,26,31,28.5,15,17,24,321,3,365,1.1,1.6,21.4,0.2,24.3,0
2018-07-02,3,24,29,26.5,19,56,120,1009,14,1199,2.9,6.3,53.1,0.7,63.1,0
2018-07-03,3,25,29,27.0,20,40,117,613,2,772,2.0,5.8,30.6,0.1,38.6,0
2018-07-04,3,25,27,26.0,22,26,22,272,1,321,1.2,1.0,12.4,0.0,14.6,0
2018-07-05,3,21,25,23.0,21,18,59,384,3,464,0.9,2.8,18.3,0.1,22.1,0
2018-07-06,3,23,28,25.5,44,93,86,629,13,821,2.1,2.0,14.3,0.3,18.7,0
2018-07-07,3,25,29,27.0,10,31,171,882,9,1093,3.1,17.1,88.2,0.9,109.3,0
2018-07-08,3,25,29,27.0,12,22,67,481,3,573,1.8,5.6,40.1,0.2,47.8,0
2018-07-09,3,22,26,24.0,71,72,92,533,4,701,1.0,1.3,7.5,0.1,9.9,0
2018-07-10,2,19,20,19.5,58,388,125,1084,9,1606,6.7,2.2,18.7,0.2,27.7,5
2018-07-11,2,17,20,18.5,37,340,41,629,7,1017,9.2,1.1,17.0,0.2,27.5,5
2018-07-12,3,21,25,23.0,41,294,147,876,13,1330,7.2,3.6,21.4,0.3,32.4,6
2018-07-13,3,22,26,24.0,29,29,33,311,2,375,1.0,1.1,10.7,0.1,12.9,1
2018-07-14,3,24,28,26.0,10,13,62,388,3,466,1.3,6.2,38.8,0.3,46.6,0
2018-07-15,1,25,29,27.0,18,33,207,1190,8,1438,1.8,11.5,66.1,0.4,79.9,1
2018-07-16,3,25,28,26.5,29,2026,2171,1754,245,6196,69.9,74.9,60.5,8.4,213.7,4
2018-07-17,2,20,25,22.5,45,403,109,775,9,1296,9.0,2.4,17.2,0.2,28.8,5
2018-07-18,3,20,26,23.0,52,477,86,682,10,1255,9.2,1.7,13.1,0.2,24.1,10
2018-07-19,3,25,29,27.0,66,680,134,995,15,1824,10.3,2.0,15.1,0.2,27.6,5
2018-07-20,3,21,25,23.0,31,97,100,805,12,1014,3.1,3.2,26.0,0.4,32.7,1
2018-07-21,2,21,25,23.0,8,13,47,356,2,418,1.6,5.9,44.5,0.2,52.2,0
2018-07-22,3,23,27,25.0,10,31,67,509,5,612,3.1,6.7,50.9,0.5,61.2,0
2018-07-23,3,25,31,28.0,32,114,60,525,19,718,3.6,1.9,16.4,0.6,22.4,1
2018-07-24,3,27,30,28.5,27,70,85,567,9,731,2.6,3.1,21.0,0.3,27.1,0
2018-07-25,3,27,32,29.5,33,99,159,1571,18,1847,3.0,4.8,47.6,0.5,56.0,1
2018-07-26,3,30,35,32.5,34,56,272,1359,12,1699,1.6,8.0,40.0,0.4,50.0,0
2018-07-27,3,29,35,32.0,38,97,307,1441,14,1859,2.6,8.1,37.9,0.4,48.9,0
2018-07-28,3,22,25,23.5,3,23,55,319,3,400,7.7,18.3,106.3,1.0,133.3,0
2018-07-29,3,21,27,24.0,4,84,90,423,12,609,21.0,22.5,105.8,3.0,152.2,1
2018-07-30,2,21,27,24.0,28,38,115,726,3,882,1.4,4.1,25.9,0.1,31.5,0
2018-07-31,3,22,28,25.0,18,39,72,481,7,599,2.2,4.0,26.7,0.4,33.3,1
2018-08-01,3,24,29,26.5,22,36,48,406,6,496,1.6,2.2,18.5,0.3,22.5,0
2018-08-02,3,25,32,28.5,28,58,46,416,4,524,2.1,1.6,14.9,0.1,18.7,0
2018-08-03,3,27,34,30.5,31,56,72,671,1,800,1.8,2.3,21.6,0.0,25.8,1
2018-08-04,3,27,32,29.5,3,3,52,348,3,406,1.0,17.3,116.0,1.0,135.3,0
2018-08-05,3,22,30,26.0,5,14,39,346,2,401,2.8,7.8,69.2,0.4,80.2,0
2018-08-06,3,28,33,30.5,40,100,608,1216,16,1940,2.5,15.2,30.4,0.4,48.5,0
2018-08-07,3,30,36,33.0,45,69,95,731,5,900,1.5,2.1,16.2,0.1,20.0,0
2018-08-08,2,22,24,23.0,24,4007,2424,3078,84,9593,167.0,101.0,128.2,3.5,399.7,0
2018-08-09,2,16,20,18.0,37,6741,5927,4256,298,17222,182.2,160.2,115.0,8.1,465.5,1
2018-08-10,3,19,22,20.5,23,265,195,742,6,1208,11.5,8.5,32.3,0.3,52.5,2
2018-08-11,3,19,24,21.5,7,15,43,375,1,434,2.1,6.1,53.6,0.1,62.0,1
2018-08-12,3,23,30,26.5,11,26,93,581,12,712,2.4,8.5,52.8,1.1,64.7,1
2018-08-13,3,19,24,21.5,39,3225,2791,2421,323,8760,82.7,71.6,62.1,8.3,224.6,4
2018-08-14,2,21,25,23.0,33,69,122,979,9,1179,2.1,3.7,29.7,0.3,35.7,3
2018-08-15,3,20,25,22.5,13,29,139,670,9,847,2.2,10.7,51.5,0.7,65.2,2
2018-08-16,3,23,30,26.5,29,59,96,482,8,645,2.0,3.3,16.6,0.3,22.2,2
2018-08-17,3,20,24,22.0,32,67,295,1502,20,1884,2.1,9.2,46.9,0.6,58.9,1
2018-08-18,3,19,25,22.0,7,16,45,346,0,407,2.3,6.4,49.4,0.0,58.1,0
2018-08-19,3,22,28,25.0,8,31,38,380,3,452,3.9,4.8,47.5,0.4,56.5,0
2018-08-20,2,21,24,22.5,29,332,1813,1195,17,3357,11.4,62.5,41.2,0.6,115.8,3
2018-08-21,2,23,25,24.0,46,1035,25203,9473,437,36148,22.5,547.9,205.9,9.5,785.8,2
2018-08-22,3,24,29,26.5,24,49,267,853,9,1178,2.0,11.1,35.5,0.4,49.1,3
2018-08-23,3,22,26,24.0,30,76,313,775,16,1180,2.5,10.4,25.8,0.5,39.3,1
2018-08-24,2,18,19,18.5,34,213,598,1652,19,2482,6.3,17.6,48.6,0.6,73.0,0
2018-08-25,2,16,18,17.0,8,11,127,562,2,702,1.4,15.9,70.2,0.2,87.8,0
2018-08-26,3,18,22,20.0,10,53,237,649,11,950,5.3,23.7,64.9,1.1,95.0,0
2018-08-27,3,19,22,20.5,34,180,326,637,16,1159,5.3,9.6,18.7,0.5,34.1,0
2018-08-28,3,20,27,23.5,49,95,192,1044,18,1349,1.9,3.9,21.3,0.4,27.5,0
2018-08-29,2,18,21,19.5,24,102,229,531,11,873,4.2,9.5,22.1,0.5,36.4,2
2018-08-30,3,19,21,20.0,50,337,880,2061,52,3330,6.7,17.6,41.2,1.0,66.6,1
2018-08-31,3,19,22,20.5,36,205,527,1534,23,2289,5.7,14.6,42.6,0.6,63.6,0
2018-09-01,3,19,23,21.0,9,38,243,592,9,882,4.2,27.0,65.8,1.0,98.0,0
2018-09-02,3,18,24,21.0,8,25,153,581,6,765,3.1,19.1,72.6,0.8,95.6,0
2018-09-03,3,20,24,22.0,42,106,247,417,8,778,2.5,5.9,9.9,0.2,18.5,0
2018-09-04,2,19,23,21.0,33,62,259,557,4,882,1.9,7.8,16.9,0.1,26.7,0
2018-09-05,3,20,25,22.5,21,52,252,556,9,869,2.5,12.0,26.5,0.4,41.4,1
2018-09-06,2,18,22,20.0,31,245,61,800,6,1112,7.9,2.0,25.8,0.2,35.9,0
2018-09-07,3,17,20,18.5,21,34,46,269,2,351,1.6,2.2,12.8,0.1,16.7,0
2018-09-08,3,18,22,20.0,7,26,8,117,0,151,3.7,1.1,16.7,0.0,21.6,0
2018-09-09,3,20,28,24.0,9,38,207,868,8,1121,4.2,23.0,96.4,0.9,124.6,0
2018-09-10,3,19,25,22.0,41,840,13345,3867,160,18212,20.5,325.5,94.3,3.9,444.2,0
2018-09-11,3,22,28,25.0,56,297,1979,1687,30,3993,5.3,35.3,30.1,0.5,71.3,2
2018-09-12,3,22,27,24.5,42,12880,12123,5900,1039,31942,306.7,288.6,140.5,24.7,760.5,1
2018-09-13,2,16,20,18.0,39,537,1039,1886,75,3537,13.8,26.6,48.4,1.9,90.7,2
2018-09-14,3,17,21,19.0,30,552,926,3694,91,5263,18.4,30.9,123.1,3.0,175.4,0
2018-09-15,3,17,22,19.5,9,121,374,1031,21,1547,13.4,41.6,114.6,2.3,171.9,0
2018-09-16,3,19,25,22.0,9,53,351,902,7,1313,5.9,39.0,100.2,0.8,145.9,0
2018-09-17,3,21,28,24.5,74,203,178,1016,32,1429,2.7,2.4,13.7,0.4,19.3,3
2018-09-18,3,21,25,23.0,25,28,58,409,2,497,1.1,2.3,16.4,0.1,19.9,0
2018-09-19,3,20,25,22.5,34,49,73,509,9,640,1.4,2.1,15.0,0.3,18.8,0
2018-09-20,3,20,25,22.5,34,115,54,369,12,550,3.4,1.6,10.9,0.4,16.2,0
2018-09-21,3,16,19,17.5,23,29,74,420,4,527,1.3,3.2,18.3,0.2,22.9,0
2018-09-22,2,15,18,16.5,8,22,152,266,3,443,2.8,19.0,33.2,0.4,55.4,0
2018-09-23,2,13,21,17.0,13,16,30,328,3,377,1.2,2.3,25.2,0.2,29.0,0
2018-09-24,3,13,17,15.0,8,16,15,152,2,185,2.0,1.9,19.0,0.2,23.1,0
2018-09-25,3,13,17,15.0,24,41,32,214,3,290,1.7,1.3,8.9,0.1,12.1,0
2018-09-26,3,13,21,17.0,23,74,174,811,8,1067,3.2,7.6,35.3,0.3,46.4,2
2018-09-27,3,17,24,20.5,26,48,72,451,4,575,1.8,2.8,17.3,0.2,22.1,0
2018-09-28,3,15,19,17.0,36,53,118,690,3,864,1.5,3.3,19.2,0.1,24.0,0
2018-09-29,3,12,18,15.0,7,14,43,277,3,337,2.0,6.1,39.6,0.4,48.1,0
2018-09-30,3,12,18,15.0,9,25,79,438,4,546,2.8,8.8,48.7,0.4,60.7,0
2018-10-01,2,11,15,13.0,30,35,87,401,4,527,1.2,2.9,13.4,0.1,17.6,1
2018-10-02,2,12,15,13.5,35,69,135,646,7,857,2.0,3.9,18.5,0.2,24.5,1
2018-10-03,2,16,19,17.5,20,79,126,964,9,1178,4.0,6.3,48.2,0.4,58.9,1
2018-10-04,3,15,20,17.5,51,295,3150,1837,50,5332,5.8,61.8,36.0,1.0,104.5,8
2018-10-05,3,16,24,20.0,40,59,246,1193,7,1505,1.5,6.2,29.8,0.2,37.6,0
2018-10-06,3,18,23,20.5,9,10,28,258,2,298,1.1,3.1,28.7,0.2,33.1,0
2018-10-07,2,13,15,14.0,12,18,46,412,2,478,1.5,3.8,34.3,0.2,39.8,0
2018-10-08,3,13,18,15.5,31,86,103,612,10,811,2.8,3.3,19.7,0.3,26.2,2
2018-10-09,3,15,22,18.5,26,50,102,585,4,741,1.9,3.9,22.5,0.2,28.5,0
2018-10-10,3,17,24,20.5,24,29,84,471,2,586,1.2,3.5,19.6,0.1,24.4,0
2018-10-11,3,19,25,22.0,15,26,65,353,4,448,1.7,4.3,23.5,0.3,29.9,0
2018-10-12,3,19,25,22.0,22,38,68,487,10,603,1.7,3.1,22.1,0.5,27.4,2
2018-10-13,3,20,26,23.0,4,17,66,351,3,437,4.2,16.5,87.8,0.8,109.2,0
2018-10-14,3,20,24,22.0,7,29,115,763,4,911,4.1,16.4,109.0,0.6,130.1,0
2018-10-15,3,20,25,22.5,36,121,121,789,18,1049,3.4,3.4,21.9,0.5,29.1,1
2018-10-16,3,20,24,22.0,33,58,65,521,13,657,1.8,2.0,15.8,0.4,19.9,1
2018-10-17,3,17,21,19.0,37,81,172,939,13,1205,2.2,4.6,25.4,0.4,32.6,2
2018-10-18,3,15,20,17.5,25,45,93,520,4,662,1.8,3.7,20.8,0.2,26.5,0
2018-10-19,3,14,18,16.0,27,83,124,733,8,948,3.1,4.6,27.1,0.3,35.1,0
2018-10-20,3,12,17,14.5,12,23,138,880,4,1045,1.9,11.5,73.3,0.3,87.1,0
2018-10-21,3,12,18,15.0,5,22,78,516,4,620,4.4,15.6,103.2,0.8,124.0,0
2018-10-22,2,12,15,13.5,30,64,158,814,11,1047,2.1,5.3,27.1,0.4,34.9,0
2018-10-23,3,10,17,13.5,30,67,111,732,18,928,2.2,3.7,24.4,0.6,30.9,0
2018-10-24,2,13,17,15.0,21,182,49,363,16,610,8.7,2.3,17.3,0.8,29.0,1
2018-10-25,3,11,15,13.0,31,127,313,1629,21,2090,4.1,10.1,52.5,0.7,67.4,0
2018-10-26,2,10,13,11.5,32,54,257,1467,13,1791,1.7,8.0,45.8,0.4,56.0,1
2018-10-27,3,7,10,8.5,47,94,176,1249,18,1537,2.0,3.7,26.6,0.4,32.7,0
2018-10-28,2,6,8,7.0,56,79,174,1302,11,1566,1.4,3.1,23.2,0.2,28.0,0
2018-10-29,2,4,6,5.0,45,73,139,854,11,1077,1.6,3.1,19.0,0.2,23.9,2
2018-10-30,2,7,10,8.5,38,73,145,884,20,1122,1.9,3.8,23.3,0.5,29.5,2
2018-10-31,2,7,11,9.0,20,40,43,352,4,439,2.0,2.2,17.6,0.2,22.0,0
2018-11-01,2,10,11,10.5,4,11,77,457,3,548,2.8,19.2,114.2,0.8,137.0,0
2018-11-02,3,8,11,9.5,43,88,77,612,9,786,2.0,1.8,14.2,0.2,18.3,1
2018-11-03,3,6,11,8.5,7,7,60,452,3,522,1.0,8.6,64.6,0.4,74.6,0
2018-11-04,3,8,13,10.5,8,18,189,910,3,1120,2.2,23.6,113.8,0.4,140.0,0
2018-11-05,3,12,18,15.0,30,78,181,1026,14,1299,2.6,6.0,34.2,0.5,43.3,0
2018-11-06,3,13,19,16.0,26,42,89,426,6,563,1.6,3.4,16.4,0.2,21.7,0
2018-11-07,2,10,13,11.5,28,84,98,673,13,868,3.0,3.5,24.0,0.5,31.0,0
2018-11-08,3,8,12,10.0,17,20,43,264,0,327,1.2,2.5,15.5,0.0,19.2,0
2018-11-09,3,9,14,11.5,28,93,86,696,7,882,3.3,3.1,24.9,0.2,31.5,0
2018-11-10,2,12,13,12.5,7,8,33,243,2,286,1.1,4.7,34.7,0.3,40.9,0
2018-11-11,2,12,12,12.0,7,27,191,874,3,1095,3.9,27.3,124.9,0.4,156.4,0
2018-11-12,3,10,11,10.5,24,56,203,1529,7,1795,2.3,8.5,63.7,0.3,74.8,1
2018-11-13,3,11,14,12.5,14,147,222,1314,25,1708,10.5,15.9,93.9,1.8,122.0,0
2018-11-14,3,9,13,11.0,21,49,91,832,3,975,2.3,4.3,39.6,0.1,46.4,0
2018-11-15,3,9,12,10.5,14,50,106,520,12,688,3.6,7.6,37.1,0.9,49.1,0
2018-11-16,3,6,10,8.0,15,32,41,395,3,471,2.1,2.7,26.3,0.2,31.4,0
2018-11-17,3,4,8,6.0,1,3,24,97,1,125,3.0,24.0,97.0,1.0,125.0,0
2018-11-18,3,4,8,6.0,3,19,76,468,3,566,6.3,25.3,156.0,1.0,188.7,0
2018-11-19,2,2,6,4.0,10,755,9376,3148,147,13426,75.5,937.6,314.8,14.7,1342.6,1
2018-11-20,2,2,4,3.0,11,46,72,421,5,544,4.2,6.5,38.3,0.5,49.5,1
2018-11-21,3,1,5,3.0,18,157,418,1331,41,1947,8.7,23.2,73.9,2.3,108.2,0
2018-11-22,1,2,6,4.0,30,90,93,611,8,802,3.0,3.1,20.4,0.3,26.7,0
2018-11-23,3,5,8,6.5,29,133,224,835,45,1237,4.6,7.7,28.8,1.6,42.7,0
2018-11-24,2,7,8,7.5,1,10,66,359,5,440,10.0,66.0,359.0,5.0,440.0,0
2018-11-25,2,7,8,7.5,2,11,29,182,2,224,5.5,14.5,91.0,1.0,112.0,0
2018-11-26,2,5,7,6.0,13,70,220,1032,15,1337,5.4,16.9,79.4,1.2,102.8,0
2018-11-27,2,5,8,6.5,17,28,49,433,5,515,1.6,2.9,25.5,0.3,30.3,0
2018-11-28,2,10,11,10.5,8,37,83,474,4,598,4.6,10.4,59.2,0.5,74.8,0
2018-11-29,3,10,13,11.5,12,1062,109,1075,67,2313,88.5,9.1,89.6,5.6,192.8,0
2018-11-30,3,9,11,10.0,9,44,118,740,10,912,4.9,13.1,82.2,1.1,101.3,0
2018-12-01,2,7,11,9.0,3,9,41,215,2,267,3.0,13.7,71.7,0.7,89.0,0
2018-12-02,2,14,15,14.5,5,29,65,381,2,477,5.8,13.0,76.2,0.4,95.4,0
2018-12-03,1,12,14,13.0,34,957,15677,5433,158,22225,28.1,461.1,159.8,4.6,653.7,0
2018-12-04,3,8,11,9.5,20,75,267,826,15,1183,3.8,13.4,41.3,0.8,59.2,1
2018-12-05,2,9,11,10.0,11,55,102,296,2,455,5.0,9.3,26.9,0.2,41.4,0
2018-12-06,2,11,13,12.0,15,37,249,451,5,742,2.5,16.6,30.1,0.3,49.5,1
2018-12-07,2,9,12,10.5,16,51,332,1417,12,1812,3.2,20.8,88.6,0.8,113.2,0
2018-12-08,2,9,12,10.5,4,78,391,792,6,1267,19.5,97.8,198.0,1.5,316.8,1
2018-12-09,1,9,11,10.0,5,117,654,827,14,1612,23.4,130.8,165.4,2.8,322.4,2
2018-12-10,2,7,10,8.5,13,41,299,644,7,991,3.2,23.0,49.5,0.5,76.2,0
2018-12-11,3,6,8,7.0,10,207,249,675,15,1146,20.7,24.9,67.5,1.5,114.6,1
2018-12-12,3,1,5,3.0,21,162,98,719,4,983,7.7,4.7,34.2,0.2,46.8,1
2018-12-13,3,0,3,1.5,56,97,149,1376,9,1631,1.7,2.7,24.6,0.2,29.1,6
2018-12-14,3,-1,2,0.5,9,23,31,248,6,308,2.6,3.4,27.6,0.7,34.2,0
2018-12-15,2,-1,2,0.5,1,11,175,817,5,1008,11.0,175.0,817.0,5.0,1008.0,0
2018-12-16,3,2,5,3.5,2,29,87,350,9,475,14.5,43.5,175.0,4.5,237.5,0
2018-12-17,3,4,7,5.5,8,33,48,344,9,434,4.1,6.0,43.0,1.1,54.2,0
2018-12-18,3,5,8,6.5,36,202,72,645,9,928,5.6,2.0,17.9,0.2,25.8,0
2018-12-19,2,8,9,8.5,16,366,728,2262,58,3414,22.9,45.5,141.4,3.6,213.4,2
2018-12-20,3,7,9,8.0,25,215,331,2342,39,2927,8.6,13.2,93.7,1.6,117.1,0
2018-12-21,1,12,15,13.5,4,79,94,902,5,1080,19.8,23.5,225.5,1.2,270.0,0
2018-12-22,2,10,12,11.0,1,5,23,162,1,191,5.0,23.0,162.0,1.0,191.0,0
2018-12-23,2,10,13,11.5,7,150,171,1343,10,1674,21.4,24.4,191.9,1.4,239.1,0
2018-12-24,2,7,13,10.0,13,66,82,565,5,718,5.1,6.3,43.5,0.4,55.2,0
2018-12-25,3,2,8,5.0,3,10,63,269,2,344,3.3,21.0,89.7,0.7,114.7,0
2018-12-26,3,1,4,2.5,38,234,238,2253,12,2737,6.2,6.3,59.3,0.3,72.0,0
2018-12-27,2,1,3,2.0,20,114,36,347,13,510,5.7,1.8,17.4,0.6,25.5,0
2018-12-28,3,0,3,1.5,15,79,55,648,12,794,5.3,3.7,43.2,0.8,52.9,0
2018-12-29,2,2,5,3.5,2,19,10,222,2,253,9.5,5.0,111.0,1.0,126.5,0
2018-12-30,2,5,7,6.0,3,23,54,553,5,635,7.7,18.0,184.3,1.7,211.7,0
2018-12-31,2,7,9,8.0,9,42,116,856,6,1020,4.7,12.9,95.1,0.7,113.3,0
2019-01-01,2,7,9,8.0,2,12,5,170,0,187,6.0,2.5,85.0,0.0,93.5,0
2019-01-02,3,5,8,6.5,9,45,159,820,11,1035,5.0,17.7,91.1,1.2,115.0,0
2019-01-03,3,3,7,5.0,29,209,139,1465,24,1837,7.2,4.8,50.5,0.8,63.3,1
2019-01-04,3,2,6,4.0,28,278,151,1645,14,2088,9.9,5.4,58.8,0.5,74.6,0
2019-01-05,2,3,6,4.5,2,42,455,1513,17,2027,21.0,227.5,756.5,8.5,1013.5,0
2019-01-06,2,3,5,4.0,3,61,156,869,11,1097,20.3,52.0,289.7,3.7,365.7,0
2019-01-07,2,5,7,6.0,27,744,10287,4004,218,15253,27.6,381.0,148.3,8.1,564.9,1
2019-01-08,3,7,9,8.0,18,74,180,689,4,947,4.1,10.0,38.3,0.2,52.6,1
2019-01-09,2,5,7,6.0,54,338,228,1300,28,1894,6.3,4.2,24.1,0.5,35.1,3
2019-01-10,3,2,5,3.5,35,236,310,1987,28,2561,6.7,8.9,56.8,0.8,73.2,1
2019-01-11,2,4,7,5.5,18,155,289,1765,11,2220,8.6,16.1,98.1,0.6,123.3,0
2019-01-12,2,6,7,6.5,3,24,96,399,2,521,8.0,32.0,133.0,0.7,173.7,0
2019-01-13,2,10,10,10.0,2,47,111,781,3,942,23.5,55.5,390.5,1.5,471.0,0
2019-01-14,2,8,9,8.5,24,586,10629,4144,90,15449,24.4,442.9,172.7,3.8,643.7,4
2019-01-15,2,7,8,7.5,11,87,526,1096,9,1718,7.9,47.8,99.6,0.8,156.2,2
2019-01-16,2,4,7,5.5,22,153,785,1090,14,2042,7.0,35.7,49.5,0.6,92.8,3
2019-01-17,2,5,7,6.0,43,249,354,2363,22,2988,5.8,8.2,55.0,0.5,69.5,7
2019-01-18,2,2,7,4.5,38,337,686,3511,17,4551,8.9,18.1,92.4,0.4,119.8,3
2019-01-19,2,0,3,1.5,2,45,100,549,5,699,22.5,50.0,274.5,2.5,349.5,1
2019-01-20,2,2,4,3.0,4,251,822,2358,27,3458,62.8,205.5,589.5,6.8,864.5,1
2019-01-21,3,1,5,3.0,24,7889,60415,26416,2063,96783,328.7,2517.3,1100.7,86.0,4032.6,2
2019-01-22,1,-1,2,0.5,33,807,1783,5112,51,7753,24.5,54.0,154.9,1.5,234.9,0
2019-01-23,0,-1,1,0.0,38,1132,5225,8297,109,14763,29.8,137.5,218.3,2.9,388.5,3
2019-01-24,2,-3,1,-1.0,33,123,584,2711,21,3439,3.7,17.7,82.2,0.6,104.2,1
2019-01-25,1,1,3,2.0,23,615,1521,6076,43,8255,26.7,66.1,264.2,1.9,358.9,2
2019-01-26,2,6,8,7.0,5,111,276,1427,7,1821,22.2,55.2,285.4,1.4,364.2,0
2019-01-27,2,6,7,6.5,6,139,673,1750,9,2571,23.2,112.2,291.7,1.5,428.5,1
2019-01-28,3,3,6,4.5,15,301,1343,4569,32,6245,20.1,89.5,304.6,2.1,416.3,0
2019-01-29,2,2,4,3.0,17,493,1431,4667,29,6620,29.0,84.2,274.5,1.7,389.4,1
2019-01-30,3,1,2,1.5,34,776,1318,5577,48,7719,22.8,38.8,164.0,1.4,227.0,2
2019-01-31,3,-1,1,0.0,24,191,877,2792,11,3871,8.0,36.5,116.3,0.5,161.3,1
2019-02-01,2,3,6,4.5,32,652,1609,5699,69,8029,20.4,50.3,178.1,2.2,250.9,0
2019-02-02,2,3,5,4.0,8,408,1705,3647,36,5796,51.0,213.1,455.9,4.5,724.5,0
2019-02-03,3,2,5,3.5,7,279,668,2552,13,3512,39.9,95.4,364.6,1.9,501.7,1
2019-02-04,2,2,4,3.0,44,3373,3247,17305,127,24052,76.7,73.8,393.3,2.9,546.6,1
2019-02-05,3,2,7,4.5,20,230,261,2870,18,3379,11.5,13.0,143.5,0.9,169.0,1
2019-02-06,2,5,10,7.5,32,229,104,1140,12,1485,7.2,3.2,35.6,0.4,46.4,0
2019-02-07,1,9,10,9.5,28,151,155,1314,14,1634,5.4,5.5,46.9,0.5,58.4,1
2019-02-08,2,8,10,9.0,17,365,119,1139,21,1644,21.5,7.0,67.0,1.2,96.7,3
2019-02-09,2,10,11,10.5,9,67,83,690,10,850,7.4,9.2,76.7,1.1,94.4,1
2019-02-10,1,8,11,9.5,10,43,111,940,3,1097,4.3,11.1,94.0,0.3,109.7,3
2019-02-11,2,5,9,7.0,24,250,1027,3474,44,4795,10.4,42.8,144.8,1.8,199.8,2
2019-02-12,3,4,9,6.5,23,143,42,1075,5,1265,6.2,1.8,46.7,0.2,55.0,1
2019-02-13,3,4,11,7.5,16,43,97,896,6,1042,2.7,6.1,56.0,0.4,65.1,1
2019-02-14,3,6,11,8.5,16,47,165,981,18,1211,2.9,10.3,61.3,1.1,75.7,2
2019-02-15,3,8,16,12.0,16,1613,27349,7332,512,36806,100.8,1709.3,458.2,32.0,2300.4,2
2019-02-16,3,9,16,12.5,5,434,386,928,28,1776,86.8,77.2,185.6,5.6,355.2,1
2019-02-17,3,8,16,12.0,3,18,78,610,2,708,6.0,26.0,203.3,0.7,236.0,0
2019-02-18,3,9,14,11.5,18,217,565,1615,23,2420,12.1,31.4,89.7,1.3,134.4,3
2019-02-19,3,8,13,10.5,9,32,68,507,10,617,3.6,7.6,56.3,1.1,68.6,0
2019-02-20,3,7,13,10.0,36,317,764,4492,56,5629,8.8,21.2,124.8,1.6,156.4,1
2019-02-21,3,9,18,13.5,15,59,176,858,10,1103,3.9,11.7,57.2,0.7,73.5,3
2019-02-22,3,12,17,14.5,43,167,119,1575,22,1883,3.9,2.8,36.6,0.5,43.8,1
2019-02-23,3,10,16,13.0,4,55,108,609,18,790,13.8,27.0,152.2,4.5,197.5,0
2019-02-24,3,9,15,12.0,6,53,57,539,10,659,8.8,9.5,89.8,1.7,109.8,0
2019-02-25,3,10,17,13.5,24,190,268,1359,9,1826,7.9,11.2,56.6,0.4,76.1,2
2019-02-26,3,12,20,16.0,16,118,94,893,10,1115,7.4,5.9,55.8,0.6,69.7,1
2019-02-27,3,13,22,17.5,37,260,1451,2119,17,3847,7.0,39.2,57.3,0.5,104.0,1
2019-02-28,3,11,16,13.5,21,131,148,1437,6,1722,6.2,7.0,68.4,0.3,82.0,1
2019-03-01,2,10,12,11.0,29,51,115,1007,10,1183,1.8,4.0,34.7,0.3,40.8,0
2019-03-02,1,9,13,11.0,4,45,83,523,9,660,11.2,20.8,130.8,2.2,165.0,0
2019-03-03,2,11,13,12.0,7,28,31,364,1,424,4.0,4.4,52.0,0.1,60.6,0
2019-03-04,2,9,12,10.5,19,837,15774,4630,237,21478,44.1,830.2,243.7,12.5,1130.4,1
2019-03-05,2,8,11,9.5,28,203,383,2888,41,3515,7.2,13.7,103.1,1.5,125.5,0
2019-03-06,2,10,12,11.0,12,98,357,1424,11,1890,8.2,29.8,118.7,0.9,157.5,0
2019-03-07,2,9,12,10.5,12,43,47,450,7,547,3.6,3.9,37.5,0.6,45.6,0
2019-03-08,3,7,12,9.5,25,35,26,378,2,441,1.4,1.0,15.1,0.1,17.6,0
2019-03-09,2,11,12,11.5,7,25,143,606,3,777,3.6,20.4,86.6,0.4,111.0,0
2019-03-10,2,9,13,11.0,7,22,37,346,2,407,3.1,5.3,49.4,0.3,58.1,0
2019-03-11,2,7,10,8.5,38,1288,21038,6959,366,29651,33.9,553.6,183.1,9.6,780.3,1
2019-03-12,3,7,13,10.0,36,94,552,2121,21,2788,2.6,15.3,58.9,0.6,77.4,3
2019-03-13,2,7,10,8.5,24,135,279,1195,19,1628,5.6,11.6,49.8,0.8,67.8,1
2019-03-14,1,8,11,9.5,20,66,298,958,11,1333,3.3,14.9,47.9,0.6,66.6,1
2019-03-15,2,12,12,12.0,20,106,343,888,8,1345,5.3,17.2,44.4,0.4,67.2,2
2019-03-16,2,10,12,11.0,8,21,276,365,4,666,2.6,34.5,45.6,0.5,83.2,0
2019-03-17,2,9,10,9.5,24,184,548,1105,20,1857,7.7,22.8,46.0,0.8,77.4,0
2019-03-18,2,7,12,9.5,15,126,78,900,6,1110,8.4,5.2,60.0,0.4,74.0,0
2019-03-19,3,8,14,11.0,9,40,108,1032,7,1187,4.4,12.0,114.7,0.8,131.9,0
2019-03-20,3,10,15,12.5,6,24,48,392,3,467,4.0,8.0,65.3,0.5,77.8,0
2019-03-21,3,11,18,14.5,13,63,92,730,6,891,4.8,7.1,56.2,0.5,68.5,0
2019-03-22,3,14,22,18.0,17,38,84,593,8,723,2.2,4.9,34.9,0.5,42.5,0
2019-03-23,3,13,17,15.0,4,13,85,529,1,628,3.2,21.2,132.2,0.2,157.0,0
2019-03-24,2,8,12,10.0,6,11,58,500,3,572,1.8,9.7,83.3,0.5,95.3,0
2019-03-25,2,8,11,9.5,10,49,88,679,5,821,4.9,8.8,67.9,0.5,82.1,0
2019-03-26,3,7,13,10.0,16,30,50,476,8,564,1.9,3.1,29.8,0.5,35.2,0
2019-03-27,3,8,14,11.0,12,48,75,512,5,640,4.0,6.2,42.7,0.4,53.3,0
2019-03-28,3,9,13,11.0,17,177,1973,11509,68,13727,10.4,116.1,677.0,4.0,807.5,0
2019-03-29,3,11,17,14.0,19,72,106,742,6,926,3.8,5.6,39.1,0.3,48.7,0
2019-03-30,3,12,19,15.5,4,10,50,382,6,448,2.5,12.5,95.5,1.5,112.0,0
2019-03-31,3,15,20,17.5,11,62,175,1294,12,1543,5.6,15.9,117.6,1.1,140.3,0
2019-04-01,3,12,20,16.0,19,96,174,1305,15,1590,5.1,9.2,68.7,0.8,83.7,0
2019-04-02,2,14,17,15.5,38,188,177,1545,15,1925,4.9,4.7,40.7,0.4,50.7,1
2019-04-03,2,7,11,9.0,14,69,107,839,14,1029,4.9,7.6,59.9,1.0,73.5,1
2019-04-04,3,7,12,9.5,24,188,311,2546,25,3070,7.8,13.0,106.1,1.0,127.9,1
2019-04-05,3,8,13,10.5,28,82,412,2120,34,2648,2.9,14.7,75.7,1.2,94.6,0
2019-04-06,3,9,16,12.5,5,24,92,596,6,718,4.8,18.4,119.2,1.2,143.6,0
2019-04-07,2,10,15,12.5,5,53,114,1178,13,1358,10.6,22.8,235.6,2.6,271.6,0
2019-04-08,2,11,16,13.5,13,41,133,975,8,1157,3.2,10.2,75.0,0.6,89.0,0
2019-04-09,2,12,17,14.5,19,42,88,641,2,773,2.2,4.6,33.7,0.1,40.7,0
2019-04-10,2,10,14,12.0,13,36,112,958,4,1110,2.8,8.6,73.7,0.3,85.4,0
2019-04-11,3,8,15,11.5,13,72,177,1037,10,1296,5.5,13.6,79.8,0.8,99.7,0
2019-04-12,3,8,12,10.0,10,46,105,766,9,926,4.6,10.5,76.6,0.9,92.6,0
2019-04-13,3,6,10,8.0,5,37,40,392,5,474,7.4,8.0,78.4,1.0,94.8,0
2019-04-14,3,6,11,8.5,6,22,54,573,3,652,3.7,9.0,95.5,0.5,108.7,0
2019-04-15,3,8,15,11.5,11,25,38,409,2,474,2.3,3.5,37.2,0.2,43.1,0
2019-04-16,1,10,14,12.0,13,28,150,863,10,1051,2.2,11.5,66.4,0.8,80.8,0
2019-04-17,3,12,19,15.5,9,51,218,989,6,1264,5.7,24.2,109.9,0.7,140.4,1
2019-04-18,3,15,22,18.5,20,50,64,930,12,1056,2.5,3.2,46.5,0.6,52.8,0
2019-04-19,3,17,24,20.5,18,79,108,726,8,921,4.4,6.0,40.3,0.4,51.2,0
2019-04-20,3,19,25,22.0,7,21,72,353,2,448,3.0,10.3,50.4,0.3,64.0,1
2019-04-21,3,20,25,22.5,5,11,24,291,3,329,2.2,4.8,58.2,0.6,65.8,0
2019-04-22,3,20,25,22.5,15,54,56,662,2,774,3.6,3.7,44.1,0.1,51.6,0
2019-04-23,3,18,22,20.0,5,38,58,732,8,836,7.6,11.6,146.4,1.6,167.2,0
2019-04-24,2,15,17,16.0,11,37,15,261,4,317,3.4,1.4,23.7,0.4,28.8,0
2019-04-25,2,12,14,13.0,8,19,18,252,2,291,2.4,2.2,31.5,0.2,36.4,0
2019-04-26,3,13,18,15.5,9,58,173,586,12,829,6.4,19.2,65.1,1.3,92.1,0
2019-04-27,2,11,13,12.0,5,11,76,325,2,414,2.2,15.2,65.0,0.4,82.8,0
2019-04-28,2,10,12,11.0,6,10,18,211,0,239,1.7,3.0,35.2,0.0,39.8,0
2019-04-29,3,12,18,15.0,13,154,198,1507,21,1880,11.8,15.2,115.9,1.6,144.6,0
2019-04-30,3,13,18,15.5,8,19,17,162,1,199,2.4,2.1,20.2,0.1,24.9,0
2019-05-01,3,14,21,17.5,5,28,12,121,0,161,5.6,2.4,24.2,0.0,32.2,0
2019-05-02,2,12,14,13.0,18,20,18,185,1,224,1.1,1.0,10.3,0.1,12.4,0
2019-05-03,2,13,18,15.5,37,249,249,3131,21,3650,6.7,6.7,84.6,0.6,98.6,1
2019-05-04,1,7,11,9.0,2,4,5,63,1,73,2.0,2.5,31.5,0.5,36.5,0
2019-05-05,2,9,13,11.0,2,8,16,225,2,251,4.0,8.0,112.5,1.0,125.5,0
2019-05-06,3,10,14,12.0,10,26,80,699,1,806,2.6,8.0,69.9,0.1,80.6,0
2019-05-07,3,12,16,14.0,7,72,143,649,6,870,10.3,20.4,92.7,0.9,124.3,1
2019-05-08,1,12,16,14.0,7,59,192,655,3,909,8.4,27.4,93.6,0.4,129.9,1
2019-05-09,2,12,16,14.0,7,12,23,176,3,214,1.7,3.3,25.1,0.4,30.6,0
2019-05-10,2,13,17,15.0,7,53,237,742,10,1042,7.6,33.9,106.0,1.4,148.9,1
2019-05-11,1,9,16,12.5,24,4542,71654,28360,2076,106632,189.2,2985.6,1181.7,86.5,4443.0,1
2019-05-12,3,11,16,13.5,11,160,1338,4937,21,6456,14.5,121.6,448.8,1.9,586.9,2
2019-05-13,3,12,17,14.5,11,45,512,1158,6,1721,4.1,46.5,105.3,0.5,156.5,1
2019-05-14,3,13,18,15.5,13,246,1203,4476,43,5968,18.9,92.5,344.3,3.3,459.1,0
2019-05-15,3,14,18,16.0,10,103,256,919,18,1296,10.3,25.6,91.9,1.8,129.6,1
2019-05-16,3,14,17,15.5,10,280,278,1957,12,2527,28.0,27.8,195.7,1.2,252.7,0
2019-05-17,3,15,22,18.5,28,621,241,2396,18,3276,22.2,8.6,85.6,0.6,117.0,0
2019-05-18,2,16,19,17.5,4,25,12,262,2,301,6.2,3.0,65.5,0.5,75.2,0
2019-05-19,2,17,21,19.0,14,37,55,569,2,663,2.6,3.9,40.6,0.1,47.4,0
2019-05-20,2,14,18,16.0,22,120,308,2013,19,2460,5.5,14.0,91.5,0.9,111.8,0
2019-05-21,3,16,21,18.5,10,71,153,1112,5,1341,7.1,15.3,111.2,0.5,134.1,0
2019-05-22,3,18,24,21.0,13,87,35,298,8,428,6.7,2.7,22.9,0.6,32.9,0
2019-05-23,3,19,24,21.5,16,28,28,245,2,303,1.8,1.8,15.3,0.1,18.9,0
2019-05-24,3,18,23,20.5,9,324,98,1044,38,1504,36.0,10.9,116.0,4.2,167.1,0
2019-05-25,3,18,22,20.0,6,25,16,255,2,298,4.2,2.7,42.5,0.3,49.7,0
2019-05-26,3,18,21,19.5,9,130,54,543,14,741,14.4,6.0,60.3,1.6,82.3,0
2019-05-27,2,16,20,18.0,7,12,45,355,4,416,1.7,6.4,50.7,0.6,59.4,0
2019-05-28,2,14,18,16.0,6,109,32,318,4,463,18.2,5.3,53.0,0.7,77.2,1
2019-05-29,2,16,20,18.0,10,5380,6274,2711,446,14811,538.0,627.4,271.1,44.6,1481.1,0
2019-05-30,2,17,20,18.5,8,143,108,784,8,1043,17.9,13.5,98.0,1.0,130.4,1
2019-05-31,2,20,23,21.5,5,59,93,705,5,862,11.8,18.6,141.0,1.0,172.4,1
2019-06-01,3,22,31,26.5,2,4,22,113,0,139,2.0,11.0,56.5,0.0,69.5,1
2019-06-02,3,25,30,27.5,4,20,34,208,2,264,5.0,8.5,52.0,0.5,66.0,0
2019-06-03,2,19,23,21.0,10,14,15,130,2,161,1.4,1.5,13.0,0.2,16.1,1
2019-06-04,2,21,26,23.5,6,60,91,675,7,833,10.0,15.2,112.5,1.2,138.8,0
2019-06-05,2,13,19,16.0,9,55,20,167,2,244,6.1,2.2,18.6,0.2,27.1,0
2019-06-06,3,15,20,17.5,4,14,36,321,3,374,3.5,9.0,80.2,0.8,93.5,0
2019-06-07,1,15,16,15.5,10,4,15,165,0,184,0.4,1.5,16.5,0.0,18.4,0
2019-06-08,2,15,19,17.0,4,5,8,79,0,92,1.2,2.0,19.8,0.0,23.0,0
2019-06-09,3,16,22,19.0,2,5,32,210,1,248,2.5,16.0,105.0,0.5,124.0,0
2019-06-10,2,17,18,17.5,4,10,21,178,0,209,2.5,5.2,44.5,0.0,52.2,0
2019-06-11,3,16,19,17.5,3,4,11,73,1,89,1.3,3.7,24.3,0.3,29.7,0
2019-06-12,2,15,18,16.5,8,26,20,175,1,222,3.2,2.5,21.9,0.1,27.8,0
2019-06-13,2,15,20,17.5,6,18,13,194,1,226,3.0,2.2,32.3,0.2,37.7,0
2019-06-14,3,18,24,21.0,7,28,176,780,7,991,4.0,25.1,111.4,1.0,141.6,1
2019-06-15,3,18,22,20.0,5,652,126,632,101,1511,130.4,25.2,126.4,20.2,302.2,1
2019-06-16,3,17,22,19.5,7,123,46,378,16,563,17.6,6.6,54.0,2.3,80.4,0
2019-06-17,3,21,27,24.0,9,5,14,115,0,134,0.6,1.6,12.8,0.0,14.9,0
2019-06-18,3,22,28,25.0,8,72,129,929,17,1147,9.0,16.1,116.1,2.1,143.4,0
2019-06-19,3,23,24,23.5,10,147,333,2712,36,3228,14.7,33.3,271.2,3.6,322.8,0
2019-06-20,2,16,22,19.0,4,19,27,162,1,209,4.8,6.8,40.5,0.2,52.2,0
2019-06-21,3,19,23,21.0,15,147,108,740,24,1019,9.8,7.2,49.3,1.6,67.9,0
2019-06-22,3,18,25,21.5,1,6,5,39,0,50,6.0,5.0,39.0,0.0,50.0,0
2019-06-23,3,22,27,24.5,1,7,2,55,1,65,7.0,2.0,55.0,1.0,65.0,0
2019-06-24,3,26,31,28.5,9,83,270,1732,10,2095,9.2,30.0,192.4,1.1,232.8,0
2019-06-25,3,26,32,29.0,12,698,102,632,51,1483,58.2,8.5,52.7,4.2,123.6,0
2019-06-26,3,26,33,29.5,9,25,41,354,3,423,2.8,4.6,39.3,0.3,47.0,0
2019-06-27,3,25,31,28.0,7,65,180,984,10,1239,9.3,25.7,140.6,1.4,177.0,0
2019-06-28,3,24,31,27.5,7,122,80,556,16,774,17.4,11.4,79.4,2.3,110.6,0
2019-06-29,3,26,34,30.0,1,1,0,15,0,16,1.0,0.0,15.0,0.0,16.0,0
2019-06-30,3,24,29,26.5,3,52,563,3288,19,3922,17.3,187.7,1096.0,6.3,1307.3,0
2019-07-01,3,21,26,23.5,16,309,212,609,16,1146,19.3,13.2,38.1,1.0,71.6,0
2019-07-02,3,20,26,23.0,10,17,26,224,3,270,1.7,2.6,22.4,0.3,27.0,0
2019-07-03,3,19,25,22.0,7,53,39,435,9,536,7.6,5.6,62.1,1.3,76.6,0
2019-07-04,3,20,28,24.0,18,220,163,1576,21,1980,12.2,9.1,87.6,1.2,110.0,0
2019-07-05,3,24,32,28.0,14,379,67,333,12,791,27.1,4.8,23.8,0.9,56.5,0
2019-07-06,2,26,31,28.5,6,420,25,313,13,771,70.0,4.2,52.2,2.2,128.5,0
2019-07-07,3,21,28,24.5,5,146,20,290,10,466,29.2,4.0,58.0,2.0,93.2,0
2019-07-08,3,18,23,20.5,29,1154,13687,5929,229,20999,39.8,472.0,204.4,7.9,724.1,4
2019-07-09,3,17,23,20.0,22,166,724,961,26,1877,7.5,32.9,43.7,1.2,85.3,2
2019-07-10,3,21,27,24.0,10,29,224,455,5,713,2.9,22.4,45.5,0.5,71.3,1
2019-07-11,2,21,27,24.0,11,78,425,715,12,1230,7.1,38.6,65.0,1.1,111.8,1
2019-07-12,2,20,25,22.5,19,868,194,2186,13,3261,45.7,10.2,115.1,0.7,171.6,1
2019-07-13,3,21,25,23.0,1,487,13,146,43,689,487.0,13.0,146.0,43.0,689.0,0
2019-07-14,2,16,23,19.5,2,13,26,294,0,333,6.5,13.0,147.0,0.0,166.5,0
2019-07-15,3,17,24,20.5,7,156,25,169,5,355,22.3,3.6,24.1,0.7,50.7,0
2019-07-16,3,21,27,24.0,5,83,14,132,12,241,16.6,2.8,26.4,2.4,48.2,0
2019-07-17,3,24,29,26.5,6,1014,22,255,23,1314,169.0,3.7,42.5,3.8,219.0,0
2019-07-18,2,21,24,22.5,5,5,6,84,2,97,1.0,1.2,16.8,0.4,19.4,0
2019-07-19,3,21,27,24.0,6,3,22,89,0,114,0.5,3.7,14.8,0.0,19.0,0
2019-07-20,2,23,26,24.5,3,281,17,124,8,430,93.7,5.7,41.3,2.7,143.3,0
2019-07-21,3,22,29,25.5,2,3,16,167,0,186,1.5,8.0,83.5,0.0,93.0,0
2019-07-22,3,27,35,31.0,4,9,16,84,0,109,2.2,4.0,21.0,0.0,27.2,0
2019-07-23,3,29,36,32.5,5,184,94,1076,9,1363,36.8,18.8,215.2,1.8,272.6,0
2019-07-24,3,31,38,34.5,3,8,10,63,0,81,2.7,3.3,21.0,0.0,27.0,0
2019-07-25,2,32,40,36.0,7,11,28,170,2,211,1.6,4.0,24.3,0.3,30.1,0
2019-07-26,2,25,30,27.5,3,144,25,81,4,254,48.0,8.3,27.0,1.3,84.7,0
2019-07-27,2,20,24,22.0,1,91,3,59,5,158,91.0,3.0,59.0,5.0,158.0,0
2019-07-28,2,19,23,21.0,1,6,9,82,1,98,6.0,9.0,82.0,1.0,98.0,0
2019-07-29,3,22,29,25.5,5,14,7,96,0,117,2.8,1.4,19.2,0.0,23.4,0
2019-07-30,3,21,24,22.5,9,17,14,108,2,141,1.9,1.6,12.0,0.2,15.7,0
2019-07-31,3,19,22,20.5,13,213,91,589,10,903,16.4,7.0,45.3,0.8,69.5,0
2019-08-01,3,22,28,25.0,9,18,23,154,2,197,2.0,2.6,17.1,0.2,21.9,0
2019-08-02,3,22,28,25.0,11,337,56,419,19,831,30.6,5.1,38.1,1.7,75.5,0
2019-08-03,3,20,26,23.0,1,1,2,26,1,30,1.0,2.0,26.0,1.0,30.0,0
2019-08-04,3,23,32,27.5,4,207,134,896,21,1258,51.8,33.5,224.0,5.2,314.5,0
2019-08-05,3,21,28,24.5,4,192,369,1476,26,2063,48.0,92.2,369.0,6.5,515.8,0
2019-08-06,2,17,22,19.5,6,43,344,2405,15,2807,7.2,57.3,400.8,2.5,467.8,0
2019-08-07,2,21,26,23.5,5,91,27,192,9,319,18.2,5.4,38.4,1.8,63.8,0
2019-08-08,3,23,29,26.0,5,187,58,405,26,676,37.4,11.6,81.0,5.2,135.2,0
2019-08-09,2,23,27,25.0,3,53,9,86,2,150,17.7,3.0,28.7,0.7,50.0,0
2019-08-10,2,20,25,22.5,1,0,1,24,0,25,0.0,1.0,24.0,0.0,25.0,0
2019-08-11,3,19,22,20.5,3,12,16,135,0,163,4.0,5.3,45.0,0.0,54.3,0
2019-08-12,3,19,23,21.0,3,35,48,510,15,608,11.7,16.0,170.0,5.0,202.7,0
2019-08-13,3,17,21,19.0,5,85,817,3533,33,4468,17.0,163.4,706.6,6.6,893.6,0
2019-08-14,2,19,24,21.5,12,25,10,128,2,165,2.1,0.8,10.7,0.2,13.8,0
2019-08-15,2,19,23,21.0,1,1,7,39,0,47,1.0,7.0,39.0,0.0,47.0,0
2019-08-16,3,20,25,22.5,2,2,5,45,1,53,1.0,2.5,22.5,0.5,26.5,0
2019-08-17,2,18,20,19.0,1,7,3,47,1,58,7.0,3.0,47.0,1.0,58.0,0
2019-08-18,2,21,23,22.0,2,5,15,102,0,122,2.5,7.5,51.0,0.0,61.0,0
2019-08-19,3,19,23,21.0,7,21,22,200,1,244,3.0,3.1,28.6,0.1,34.9,0
2019-08-20,3,19,23,21.0,11,116,426,2450,21,3013,10.5,38.7,222.7,1.9,273.9,0
2019-08-21,3,19,26,22.5,5,19,11,113,1,144,3.8,2.2,22.6,0.2,28.8,0
2019-08-22,3,21,28,24.5,1,5,6,49,0,60,5.0,6.0,49.0,0.0,60.0,0
2019-08-23,3,21,28,24.5,7,275,297,2097,26,2695,39.3,42.4,299.6,3.7,385.0,0
2019-08-24,3,23,31,27.0,1,1,0,16,0,17,1.0,0.0,16.0,0.0,17.0,0
2019-08-25,3,28,37,32.5,2,11,4,73,0,88,5.5,2.0,36.5,0.0,44.0,0
2019-08-26,3,28,33,30.5,8,38,432,1713,17,2200,4.8,54.0,214.1,2.1,275.0,0
2019-08-27,3,26,34,30.0,9,25,66,441,5,537,2.8,7.3,49.0,0.6,59.7,0
2019-08-28,3,24,28,26.0,10,101,584,3487,30,4202,10.1,58.4,348.7,3.0,420.2,0
2019-08-29,3,21,26,23.5,10,578,335,1461,85,2459,57.8,33.5,146.1,8.5,245.9,0
2019-08-30,3,23,28,25.5,11,36,40,233,3,312,3.3,3.6,21.2,0.3,28.4,0
2019-08-31,3,23,30,26.5,2,7,5,50,1,63,3.5,2.5,25.0,0.5,31.5,0
2019-09-01,2,19,23,21.0,2,13,16,186,2,217,6.5,8.0,93.0,1.0,108.5,0
2019-09-02,3,18,24,21.0,18,39,13,203,4,259,2.2,0.7,11.3,0.2,14.4,0
2019-09-03,3,19,25,22.0,11,86,83,811,20,1000,7.8,7.5,73.7,1.8,90.9,0
2019-09-04,3,19,23,21.0,17,252,76,1013,17,1358,14.8,4.5,59.6,1.0,79.9,0
2019-09-05,3,16,19,17.5,5,9,7,77,1,94,1.8,1.4,15.4,0.2,18.8,0
2019-09-06,3,16,22,19.0,22,2058,755,1379,280,4472,93.5,34.3,62.7,12.7,203.3,0
2019-09-07,2,16,20,18.0,4,51,24,256,8,339,12.8,6.0,64.0,2.0,84.8,0
2019-09-08,2,14,19,16.5,5,14,20,195,4,233,2.8,4.0,39.0,0.8,46.6,0
2019-09-09,2,13,19,16.0,8,14,8,118,3,143,1.8,1.0,14.8,0.4,17.9,0
2019-09-10,3,16,23,19.5,11,14,14,152,0,180,1.3,1.3,13.8,0.0,16.4,0
2019-09-11,3,17,23,20.0,7,80,38,342,6,466,11.4,5.4,48.9,0.9,66.6,0
2019-09-12,2,18,24,21.0,10,20,11,147,4,182,2.0,1.1,14.7,0.4,18.2,0
2019-09-13,3,19,25,22.0,10,2067,1992,4044,323,8426,206.7,199.2,404.4,32.3,842.6,0
2019-09-14,3,19,28,23.5,3,6,10,78,1,95,2.0,3.3,26.0,0.3,31.7,0
2019-09-15,3,23,32,27.5,6,30,38,209,3,280,5.0,6.3,34.8,0.5,46.7,0
2019-09-16,3,0,22,11.0,9,36,25,145,4,210,4.0,2.8,16.1,0.4,23.3,0
2019-09-17,3,18,23,20.5,12,38,39,227,4,308,3.2,3.2,18.9,0.3,25.7,0
2019-09-18,3,14,19,16.5,11,16,20,201,2,239,1.5,1.8,18.3,0.2,21.7,0
2019-09-19,3,14,20,17.0,6,19,14,185,2,220,3.2,2.3,30.8,0.3,36.7,0
2019-09-20,3,15,23,19.0,8,1448,916,1020,162,3546,181.0,114.5,127.5,20.2,443.2,0
2019-09-21,3,18,28,23.0,4,21,26,101,4,152,5.2,6.5,25.2,1.0,38.0,0
2019-09-22,3,18,22,20.0,8,37,92,902,2,1033,4.6,11.5,112.8,0.2,129.1,0
2019-09-23,3,16,22,19.0,12,79,458,2727,19,3283,6.6,38.2,227.2,1.6,273.6,0
2019-09-24,1,16,20,18.0,3,154,24,354,13,545,51.3,8.0,118.0,4.3,181.7,0
2019-09-25,1,15,18,16.5,5,23,22,80,2,127,4.6,4.4,16.0,0.4,25.4,0
2019-09-26,2,18,21,19.5,4,10,14,111,3,138,2.5,3.5,27.8,0.8,34.5,0
2019-09-27,2,17,21,19.0,14,26,37,297,4,364,1.9,2.6,21.2,0.3,26.0,1
2019-09-28,3,15,19,17.0,2,3,2,29,0,34,1.5,1.0,14.5,0.0,17.0,0
2019-09-29,2,16,19,17.5,3,6,7,117,1,131,2.0,2.3,39.0,0.3,43.7,0
2019-09-30,2,15,20,17.5,15,42,37,229,2,310,2.8,2.5,15.3,0.1,20.7,0
2019-10-01,2,19,21,20.0,6,9,14,92,1,116,1.5,2.3,15.3,0.2,19.3,0
2019-10-02,2,14,16,15.0,5,19,28,146,3,196,3.8,5.6,29.2,0.6,39.2,0
2019-10-03,3,11,16,13.5,10,23,20,137,7,187,2.3,2.0,13.7,0.7,18.7,0
2019-10-04,2,15,17,16.0,22,41,49,338,7,435,1.9,2.2,15.4,0.3,19.8,0
2019-10-05,2,14,16,15.0,2,1,3,38,0,42,0.5,1.5,19.0,0.0,21.0,0
2019-10-06,1,15,18,16.5,8,17,28,272,1,318,2.1,3.5,34.0,0.1,39.8,0
2019-10-07,2,14,17,15.5,27,86,212,1502,10,1810,3.2,7.9,55.6,0.4,67.0,0
2019-10-08,1,13,15,14.0,12,92,22,175,7,296,7.7,1.8,14.6,0.6,24.7,0
2019-10-09,2,13,16,14.5,14,84,89,603,11,787,6.0,6.4,43.1,0.8,56.2,0
2019-10-10,2,13,18,15.5,19,91,62,659,10,822,4.8,3.3,34.7,0.5,43.3,0
2019-10-11,2,14,20,17.0,11,53,190,929,13,1185,4.8,17.3,84.5,1.2,107.7,0
2019-10-12,2,15,20,17.5,6,5,11,76,3,95,0.8,1.8,12.7,0.5,15.8,0
2019-10-13,3,19,24,21.5,4,14,22,182,1,219,3.5,5.5,45.5,0.2,54.8,0
2019-10-14,3,18,22,20.0,40,352,86,969,7,1414,8.8,2.2,24.2,0.2,35.4,1
2019-10-15,3,15,17,16.0,26,722,70,869,18,1679,27.8,2.7,33.4,0.7,64.6,0
2019-10-16,2,14,15,14.5,38,745,115,1141,38,2039,19.6,3.0,30.0,1.0,53.7,2
2019-10-17,2,14,16,15.0,24,554,109,1167,15,1845,23.1,4.5,48.6,0.6,76.9,2
2019-10-18,2,14,17,15.5,32,4011,3893,2702,596,11202,125.3,121.7,84.4,18.6,350.1,2
2019-10-19,1,14,16,15.0,13,889,85,576,17,1567,68.4,6.5,44.3,1.3,120.5,3
2019-10-20,1,12,14,13.0,10,655,394,3820,24,4893,65.5,39.4,382.0,2.4,489.3,0
2019-10-21,2,12,15,13.5,34,128,27,465,6,626,3.8,0.8,13.7,0.2,18.4,1
2019-10-22,3,12,15,13.5,17,65,40,327,9,441,3.8,2.4,19.2,0.5,25.9,0
2019-10-23,3,13,17,15.0,12,37,52,382,5,476,3.1,4.3,31.8,0.4,39.7,0
2019-10-24,3,15,18,16.5,9,126,400,2316,26,2868,14.0,44.4,257.3,2.9,318.7,0
2019-10-25,2,13,17,15.0,16,48,97,772,5,922,3.0,6.1,48.2,0.3,57.6,1
2019-10-26,2,14,20,17.0,4,6,7,92,0,105,1.5,1.8,23.0,0.0,26.2,0
2019-10-27,1,7,16,11.5,4,18,21,181,3,223,4.5,5.2,45.2,0.8,55.8,0
2019-10-28,3,8,11,9.5,5,14,16,149,2,181,2.8,3.2,29.8,0.4,36.2,0
2019-10-29,3,9,10,9.5,10,55,211,1145,19,1430,5.5,21.1,114.5,1.9,143.0,1
2019-10-30,2,9,10,9.5,37,696,11615,6584,81,18976,18.8,313.9,177.9,2.2,512.9,12
2019-10-31,1,10,11,10.5,32,1463,898,2697,43,5101,45.7,28.1,84.3,1.3,159.4,5
2019-11-01,1,12,15,13.5,5,23,18,214,3,258,4.6,3.6,42.8,0.6,51.6,4
2019-11-02,2,12,15,13.5,6,18,38,251,2,309,3.0,6.3,41.8,0.3,51.5,4
2019-11-03,1,12,13,12.5,3,17,24,149,2,192,5.7,8.0,49.7,0.7,64.0,1
2019-11-04,2,12,14,13.0,5,36,26,257,3,322,7.2,5.2,51.4,0.6,64.4,0
2019-11-05,2,10,13,11.5,9,379,990,4379,38,5786,42.1,110.0,486.6,4.2,642.9,2
2019-11-06,2,10,12,11.0,16,84,200,904,4,1192,5.2,12.5,56.5,0.2,74.5,0
2019-11-07,2,10,11,10.5,4,3,7,112,1,123,0.8,1.8,28.0,0.2,30.8,0
2019-11-08,3,7,11,9.0,7,29,40,277,3,349,4.1,5.7,39.6,0.4,49.9,1
2019-11-09,3,7,10,8.5,2,4,14,115,0,133,2.0,7.0,57.5,0.0,66.5,0
2019-11-10,1,7,9,8.0,3,13,33,276,0,322,4.3,11.0,92.0,0.0,107.3,1
2019-11-11,1,6,9,7.5,3,6,48,236,1,291,2.0,16.0,78.7,0.3,97.0,0
2019-11-12,2,7,8,7.5,12,161,1144,6005,9,7319,13.4,95.3,500.4,0.8,609.9,0
2019-11-13,2,7,10,8.5,16,852,2384,8508,66,11810,53.2,149.0,531.8,4.1,738.1,2
2019-11-14,2,6,8,7.0,7,195,1085,3032,20,4332,27.9,155.0,433.1,2.9,618.9,1
2019-11-15,1,3,6,4.5,4,17,70,356,2,445,4.2,17.5,89.0,0.5,111.2,0
2019-11-16,2,5,7,6.0,3,202,1437,3474,26,5139,67.3,479.0,1158.0,8.7,1713.0,0
2019-11-17,3,5,8,6.5,4,23,97,742,2,864,5.8,24.2,185.5,0.5,216.0,0
2019-11-18,2,5,8,6.5,26,525,1846,5422,47,7840,20.2,71.0,208.5,1.8,301.5,0
2019-11-19,3,7,10,8.5,15,1959,41155,15578,465,59157,130.6,2743.7,1038.5,31.0,3943.8,1
2019-11-20,2,3,7,5.0,13,1214,1218,2562,51,5045,93.4,93.7,197.1,3.9,388.1,2
2019-11-21,3,5,10,7.5,7,508,405,2046,44,3003,72.6,57.9,292.3,6.3,429.0,1
2019-11-22,3,6,11,8.5,18,511,388,4243,16,5158,28.4,21.6,235.7,0.9,286.6,1
2019-11-23,1,10,11,10.5,2,6,10,153,0,169,3.0,5.0,76.5,0.0,84.5,0
2019-11-24,2,8,11,9.5,4,22,31,467,0,520,5.5,7.8,116.8,0.0,130.0,0
2019-11-25,2,7,10,8.5,15,89,82,861,9,1041,5.9,5.5,57.4,0.6,69.4,0
2019-11-26,2,10,12,11.0,13,63,116,840,9,1028,4.8,8.9,64.6,0.7,79.1,1
2019-11-27,2,11,13,12.0,11,60,459,2521,14,3054,5.5,41.7,229.2,1.3,277.6,0
2019-11-28,1,11,12,11.5,9,73,94,1140,8,1315,8.1,10.4,126.7,0.9,146.1,0
2019-11-29,2,9,10,9.5,19,47,68,522,4,641,2.5,3.6,27.5,0.2,33.7,0
2019-11-30,3,6,8,7.0,6,16,20,184,2,222,2.7,3.3,30.7,0.3,37.0,0
2019-12-01,2,3,5,4.0,3,15,35,316,4,370,5.0,11.7,105.3,1.3,123.3,0
2019-12-02,3,3,7,5.0,34,598,790,13612,36,15036,17.6,23.2,400.4,1.1,442.2,2
2019-12-03,3,4,10,7.0,27,677,396,7607,11,8691,25.1,14.7,281.7,0.4,321.9,0
2019-12-04,3,3,6,4.5,36,1817,3434,7375,150,12776,50.5,95.4,204.9,4.2,354.9,2
2019-12-05,3,4,8,6.0,34,673,212,2654,31,3570,19.8,6.2,78.1,0.9,105.0,3
2019-12-06,2,4,6,5.0,31,302,144,2768,4,3218,9.7,4.6,89.3,0.1,103.8,1
2019-12-07,2,9,10,9.5,5,21,18,202,1,242,4.2,3.6,40.4,0.2,48.4,0
2019-12-08,1,10,12,11.0,4,15,33,434,2,484,3.8,8.2,108.5,0.5,121.0,0
2019-12-09,2,7,9,8.0,42,354,235,3172,15,3776,8.4,5.6,75.5,0.4,89.9,3
2019-12-10,3,5,9,7.0,25,341,216,4420,6,4983,13.6,8.6,176.8,0.2,199.3,2
2019-12-11,1,7,8,7.5,42,450,315,4757,8,5530,10.7,7.5,113.3,0.2,131.7,4
2019-12-12,2,4,7,5.5,28,929,279,6155,12,7375,33.2,10.0,219.8,0.4,263.4,2
2019-12-13,1,7,9,8.0,51,432,339,4576,12,5359,8.5,6.6,89.7,0.2,105.1,2
2019-12-14,2,8,10,9.0,4,27,15,181,4,227,6.8,3.8,45.2,1.0,56.8,0
2019-12-15,3,9,11,10.0,4,29,27,411,3,470,7.2,6.8,102.8,0.8,117.5,0
2019-12-16,1,9,10,9.5,137,1065,483,6971,43,8562,7.8,3.5,50.9,0.3,62.5,5
2019-12-17,2,11,14,12.5,19,238,108,3022,2,3370,12.5,5.7,159.1,0.1,177.4,1
2019-12-18,3,8,11,9.5,37,19166,23655,14574,4385,61780,518.0,639.3,393.9,118.5,1669.7,4
2019-12-19,2,11,13,12.0,44,2408,838,8133,199,11578,54.7,19.0,184.8,4.5,263.1,4
2019-12-20,2,10,13,11.5,47,252,310,3778,11,4351,5.4,6.6,80.4,0.2,92.6,4
2019-12-21,2,8,10,9.0,4,11,8,142,2,163,2.8,2.0,35.5,0.5,40.8,0
2019-12-22,1,9,10,9.5,5,34,78,453,4,569,6.8,15.6,90.6,0.8,113.8,1
2019-12-23,2,9,10,9.5,9,23,46,368,0,437,2.6,5.1,40.9,0.0,48.6,1
2019-12-24,2,11,12,11.5,6,92,254,532,27,905,15.3,42.3,88.7,4.5,150.8,1
2019-12-25,2,9,11,10.0,3,32,43,394,2,471,10.7,14.3,131.3,0.7,157.0,0
2019-12-26,3,6,9,7.5,6,119,326,684,49,1178,19.8,54.3,114.0,8.2,196.3,1
2019-12-27,2,9,11,10.0,4,12,22,175,2,211,3.0,5.5,43.8,0.5,52.8,0
2019-12-28,3,5,8,6.5,4,8,17,121,0,146,2.0,4.2,30.2,0.0,36.5,0
2019-12-29,3,3,7,5.0,4,18,18,234,1,271,4.5,4.5,58.5,0.2,67.8,0
2019-12-30,3,4,11,7.5,3,49,105,982,16,1152,16.3,35.0,327.3,5.3,384.0,0
2019-12-31,3,5,8,6.5,8,387,88,918,29,1422,48.4,11.0,114.8,3.6,177.8,0
2020-01-01,3,2,6,4.0,6,119,354,850,66,1389,19.8,59.0,141.7,11.0,231.5,2
2020-01-02,2,7,9,8.0,14,160,841,5631,26,6658,11.4,60.1,402.2,1.9,475.6,1
2020-01-03,2,9,11,10.0,6,171,231,551,38,991,28.5,38.5,91.8,6.3,165.2,1
2020-01-04,3,6,8,7.0,3,24,18,155,4,201,8.0,6.0,51.7,1.3,67.0,0
2020-01-05,2,7,10,8.5,4,107,271,563,34,975,26.8,67.8,140.8,8.5,243.8,1
2020-01-06,3,4,8,6.0,13,212,77,901,23,1213,16.3,5.9,69.3,1.8,93.3,0
2020-01-07,3,6,10,8.0,9,458,184,1322,46,2010,50.9,20.4,146.9,5.1,223.3,0
2020-01-08,2,10,11,10.5,7,29,30,209,1,269,4.1,4.3,29.9,0.1,38.4,0
2020-01-09,2,10,11,10.5,12,175,172,1555,15,1917,14.6,14.3,129.6,1.2,159.8,0
2020-01-10,2,8,10,9.0,10,55,64,520,8,647,5.5,6.4,52.0,0.8,64.7,0
2020-01-11,3,5,8,6.5,6,14,27,160,2,203,2.3,4.5,26.7,0.3,33.8,0
2020-01-12,2,6,8,7.0,5,18,22,234,0,274,3.6,4.4,46.8,0.0,54.8,0
2020-01-13,2,7,10,8.5,8,26,37,247,1,311,3.2,4.6,30.9,0.1,38.9,0
2020-01-14,2,7,10,8.5,8,154,43,417,12,626,19.2,5.4,52.1,1.5,78.2,0
2020-01-15,3,9,11,10.0,14,143,229,1576,31,1979,10.2,16.4,112.6,2.2,141.4,0
2020-01-16,3,7,12,9.5,3,10,14,87,6,117,3.3,4.7,29.0,2.0,39.0,0
2020-01-17,1,8,10,9.0,5,5,20,127,3,155,1.0,4.0,25.4,0.6,31.0,0
2020-01-18,3,5,8,6.5,1,2,5,34,0,41,2.0,5.0,34.0,0.0,41.0,0
2020-01-19,3,4,7,5.5,3,5,13,132,1,151,1.7,4.3,44.0,0.3,50.3,0
2020-01-20,3,3,7,5.0,6,18,54,761,6,839,3.0,9.0,126.8,1.0,139.8,0
2020-01-21,3,3,8,5.5,7,30,28,191,1,250,4.3,4.0,27.3,0.1,35.7,0
2020-01-22,3,3,7,5.0,29,170,351,2646,16,3183,5.9,12.1,91.2,0.6,109.8,0
2020-01-23,3,3,8,5.5,9,120,281,1479,21,1901,13.3,31.2,164.3,2.3,211.2,1
2020-01-24,3,3,8,5.5,10,137,103,848,6,1094,13.7,10.3,84.8,0.6,109.4,2
2020-01-25,2,3,8,5.5,27,198,188,1227,7,1620,7.3,7.0,45.4,0.3,60.0,1
2020-01-26,3,5,10,7.5,8,52,74,619,4,749,6.5,9.2,77.4,0.5,93.6,1
2020-01-27,1,8,9,8.5,12,255,3760,3082,36,7133,21.2,313.3,256.8,3.0,594.4,1
2020-01-28,2,6,9,7.5,6,43,101,454,3,601,7.2,16.8,75.7,0.5,100.2,2
2020-01-29,2,6,9,7.5,12,109,327,1792,11,2239,9.1,27.2,149.3,0.9,186.6,1
2020-01-30,2,6,11,8.5,10,96,187,1376,10,1669,9.6,18.7,137.6,1.0,166.9,0
2020-01-31,2,11,13,12.0,7,34,72,581,2,689,4.9,10.3,83.0,0.3,98.4,0
2020-02-01,1,12,14,13.0,9,6,63,334,0,403,0.7,7.0,37.1,0.0,44.8,0
2020-02-02,1,13,16,14.5,9,18,82,563,3,666,2.0,9.1,62.6,0.3,74.0,0
2020-02-03,3,11,13,12.0,9,103,237,1676,22,2038,11.4,26.3,186.2,2.4,226.4,0
2020-02-04,2,7,8,7.5,3,6,33,212,0,251,2.0,11.0,70.7,0.0,83.7,0
2020-02-05,3,6,9,7.5,8,3061,3288,12203,195,18747,382.6,411.0,1525.4,24.4,2343.4,0
2020-02-06,3,4,10,7.0,9,4709,41773,19836,1281,67599,523.2,4641.4,2204.0,142.3,7511.0,2
2020-02-07,3,5,10,7.5,8,46,321,896,6,1269,5.8,40.1,112.0,0.8,158.6,0
2020-02-08,2,8,10,9.0,7,43,210,596,2,851,6.1,30.0,85.1,0.3,121.6,0
2020-02-09,3,9,12,10.5,5,82,535,1078,18,1713,16.4,107.0,215.6,3.6,342.6,0
2020-02-10,2,9,13,11.0,10,152,378,1112,17,1659,15.2,37.8,111.2,1.7,165.9,0
2020-02-11,2,7,8,7.5,12,71,199,1219,4,1493,5.9,16.6,101.6,0.3,124.4,0
2020-02-12,2,5,9,7.0,16,227,419,2531,25,3202,14.2,26.2,158.2,1.6,200.1,0
2020-02-13,1,8,10,9.0,7,20,127,474,2,623,2.9,18.1,67.7,0.3,89.0,0
2020-02-14,2,8,11,9.5,9,160,403,1928,17,2508,17.8,44.8,214.2,1.9,278.7,1
2020-02-15,2,8,13,10.5,3,17,81,320,4,422,5.7,27.0,106.7,1.3,140.7,0
2020-02-16,2,14,16,15.0,4,34,181,673,3,891,8.5,45.2,168.2,0.8,222.8,1
2020-02-17,2,9,12,10.5,9,35,215,661,4,915,3.9,23.9,73.4,0.4,101.7,0
2020-02-18,3,6,11,8.5,12,285,458,2437,25,3205,23.8,38.2,203.1,2.1,267.1,0
2020-02-19,3,7,9,8.0,10,269,563,2234,20,3086,26.9,56.3,223.4,2.0,308.6,0
2020-02-20,2,9,10,9.5,14,810,678,5150,38,6676,57.9,48.4,367.9,2.7,476.9,0
2020-02-21,3,6,9,7.5,8,55,106,708,1,870,6.9,13.2,88.5,0.1,108.8,2
2020-02-22,3,7,12,9.5,3,16,28,162,1,207,5.3,9.3,54.0,0.3,69.0,0
2020-02-23,2,12,14,13.0,4,22,45,305,1,373,5.5,11.2,76.2,0.2,93.2,0
2020-02-24,2,11,12,11.5,9,48,63,501,2,614,5.3,7.0,55.7,0.2,68.2,0
2020-02-25,2,8,11,9.5,9,37,86,885,6,1014,4.1,9.6,98.3,0.7,112.7,0
2020-02-26,0,2,7,4.5,10,38,38,319,6,401,3.8,3.8,31.9,0.6,40.1,0
2020-02-27,1,6,10,8.0,9,57,101,426,6,590,6.3,11.2,47.3,0.7,65.6,0
2020-02-28,2,5,7,6.0,7,14,25,222,2,263,2.0,3.6,31.7,0.3,37.6,0
2020-02-29,2,8,11,9.5,4,4,19,140,0,163,1.0,4.8,35.0,0.0,40.8,0
2020-03-01,2,2,9,5.5,5,13,27,262,3,305,2.6,5.4,52.4,0.6,61.0,0
2020-03-02,1,6,8,7.0,7,11,27,264,1,303,1.6,3.9,37.7,0.1,43.3,0
2020-03-03,2,3,9,6.0,4,7,16,159,1,183,1.8,4.0,39.8,0.2,45.8,0
2020-03-04,2,4,8,6.0,14,6189,2648,4999,147,13983,442.1,189.1,357.1,10.5,998.8,1
2020-03-05,1,8,11,9.5,8,220,224,1252,17,1713,27.5,28.0,156.5,2.1,214.1,1
2020-03-06,2,6,9,7.5,15,84,212,1560,6,1862,5.6,14.1,104.0,0.4,124.1,1
2020-03-07,3,4,11,7.5,5,77,59,382,1,519,15.4,11.8,76.4,0.2,103.8,0
2020-03-08,2,7,10,8.5,7,88,129,730,6,953,12.6,18.4,104.3,0.9,136.1,0
2020-03-09,2,6,11,8.5,12,74,47,491,7,619,6.2,3.9,40.9,0.6,51.6,0
2020-03-10,2,8,14,11.0,13,847,15735,6385,412,23379,65.2,1210.4,491.2,31.7,1798.4,1
2020-03-11,2,13,16,14.5,6,47,392,618,34,1091,7.8,65.3,103.0,5.7,181.8,0
2020-03-12,2,7,12,9.5,14,156,462,3262,34,3914,11.1,33.0,233.0,2.4,279.6,0
2020-03-13,3,6,11,8.5,9,156,758,2248,40,3202,17.3,84.2,249.8,4.4,355.8,0
2020-03-14,2,7,11,9.0,6,10,27,236,3,276,1.7,4.5,39.3,0.5,46.0,0
2020-03-15,2,7,15,11.0,32,61,87,830,6,984,1.9,2.7,25.9,0.2,30.8,0
2020-03-16,2,9,11,10.0,9,29,30,178,3,240,3.2,3.3,19.8,0.3,26.7,0
2020-03-17,2,9,15,12.0,14,217,123,1207,12,1559,15.5,8.8,86.2,0.9,111.4,0
2020-03-18,3,9,17,13.0,17,197,205,2016,11,2429,11.6,12.1,118.6,0.6,142.9,0
2020-03-19,3,12,18,15.0,31,156,432,3798,9,4395,5.0,13.9,122.5,0.3,141.8,1
2020-03-20,3,10,17,13.5,16,455,111,698,9,1273,28.4,6.9,43.6,0.6,79.6,0
2020-03-21,2,7,9,8.0,9,129,295,1762,11,2197,14.3,32.8,195.8,1.2,244.1,0
2020-03-22,3,6,11,8.5,7,43,27,327,1,398,6.1,3.9,46.7,0.1,56.9,0
2020-03-23,3,2,11,6.5,33,130,111,1610,6,1857,3.9,3.4,48.8,0.2,56.3,1
2020-03-24,3,4,13,8.5,12,58,78,760,8,904,4.8,6.5,63.3,0.7,75.3,0
2020-03-25,3,4,11,7.5,13,675,95,1731,20,2521,51.9,7.3,133.2,1.5,193.9,0
2020-03-26,3,4,10,7.0,14,123,82,957,5,1167,8.8,5.9,68.4,0.4,83.4,0
2020-03-27,3,5,13,9.0,10,33,36,353,2,424,3.3,3.6,35.3,0.2,42.4,0
2020-03-28,3,8,16,12.0,11,43,69,574,10,696,3.9,6.3,52.2,0.9,63.3,0
2020-03-29,2,4,8,6.0,6,34,28,295,4,361,5.7,4.7,49.2,0.7,60.2,0
2020-03-30,3,0,8,4.0,13,60,61,653,3,777,4.6,4.7,50.2,0.2,59.8,0
2020-03-31,3,2,10,6.0,12,30,32,277,5,344,2.5,2.7,23.1,0.4,28.7,0
2020-04-01,3,5,15,10.0,12,182,80,577,15,854,15.2,6.7,48.1,1.2,71.2,0
2020-04-02,3,4,10,7.0,17,126,240,1739,20,2125,7.4,14.1,102.3,1.2,125.0,0
2020-04-03,2,7,14,10.5,12,19,80,527,3,629,1.6,6.7,43.9,0.2,52.4,0
2020-04-04,3,7,16,11.5,5,8,15,178,0,201,1.6,3.0,35.6,0.0,40.2,0
2020-04-05,3,10,20,15.0,5,21,95,952,4,1072,4.2,19.0,190.4,0.8,214.4,0
2020-04-06,3,8,15,11.5,16,18,44,314,4,380,1.1,2.8,19.6,0.2,23.8,0
2020-04-07,2,10,21,15.5,8,39,34,350,5,428,4.9,4.2,43.8,0.6,53.5,0
2020-04-08,3,13,25,19.0,10,25,36,318,0,379,2.5,3.6,31.8,0.0,37.9,0
2020-04-09,3,16,25,20.5,13,41,30,309,1,381,3.2,2.3,23.8,0.1,29.3,0
2020-04-10,3,15,24,19.5,11,58,290,1849,35,2232,5.3,26.4,168.1,3.2,202.9,0
2020-04-11,3,16,25,20.5,4,10,10,116,1,137,2.5,2.5,29.0,0.2,34.2,0
2020-04-12,3,16,23,19.5,5,15,46,367,3,431,3.0,9.2,73.4,0.6,86.2,0
2020-04-13,2,9,16,12.5,9,18,22,211,0,251,2.0,2.4,23.4,0.0,27.9,0
2020-04-14,3,4,13,8.5,6,32,17,173,0,222,5.3,2.8,28.8,0.0,37.0,0
2020-04-15,3,7,18,12.5,9,12,33,261,1,307,1.3,3.7,29.0,0.1,34.1,0
2020-04-16,3,13,23,18.0,4,17,54,418,2,491,4.2,13.5,104.5,0.5,122.8,0
2020-04-17,0,15,24,19.5,6,68,96,1080,7,1251,11.3,16.0,180.0,1.2,208.5,0
2020-04-18,3,15,22,18.5,4,14,23,171,0,208,3.5,5.8,42.8,0.0,52.0,0
2020-04-19,3,11,20,15.5,5,22,45,454,1,522,4.4,9.0,90.8,0.2,104.4,0
2020-04-20,3,12,19,15.5,14,70,172,899,10,1151,5.0,12.3,64.2,0.7,82.2,0
2020-04-21,3,12,19,15.5,10,206,93,828,22,1149,20.6,9.3,82.8,2.2,114.9,0
2020-04-22,3,13,21,17.0,9,87,361,2666,24,3138,9.7,40.1,296.2,2.7,348.7,0
2020-04-23,3,16,26,21.0,6,29,109,832,6,976,4.8,18.2,138.7,1.0,162.7,0
2020-04-24,3,16,24,20.0,7,3081,33995,14760,631,52467,440.1,4856.4,2108.6,90.1,7495.3,1
2020-04-25,3,12,21,16.5,5,14,46,546,1,607,2.8,9.2,109.2,0.2,121.4,0
2020-04-26,3,12,24,18.0,6,62,281,1279,13,1635,10.3,46.8,213.2,2.2,272.5,0
2020-04-27,3,14,23,18.5,14,33,183,704,4,924,2.4,13.1,50.3,0.3,66.0,0
2020-04-28,2,13,18,15.5,13,8,60,408,2,478,0.6,4.6,31.4,0.2,36.8,0
2020-04-29,2,11,15,13.0,5,1007,949,1367,39,3362,201.4,189.8,273.4,7.8,672.4,0
2020-04-30,2,10,14,12.0,6,13,44,348,0,405,2.2,7.3,58.0,0.0,67.5,0
2020-05-01,2,10,15,12.5,7,98,512,1717,23,2350,14.0,73.1,245.3,3.3,335.7,1
2020-05-02,2,9,17,13.0,3,22,42,229,1,294,7.3,14.0,76.3,0.3,98.0,0
2020-05-03,2,11,18,14.5,7,78,572,2153,26,2829,11.1,81.7,307.6,3.7,404.1,1
2020-05-04,3,13,20,16.5,5,180,70,734,9,993,36.0,14.0,146.8,1.8,198.6,0
2020-05-05,2,10,15,12.5,8,672,534,2706,62,3974,84.0,66.8,338.2,7.8,496.8,0
2020-05-06,3,11,19,15.0,7,482,960,2717,40,4199,68.9,137.1,388.1,5.7,599.9,0
2020-05-07,3,13,21,17.0,14,37,123,922,7,1089,2.6,8.8,65.9,0.5,77.8,0
2020-05-08,3,13,23,18.0,5,17,26,257,6,306,3.4,5.2,51.4,1.2,61.2,0
2020-05-09,1,17,23,20.0,4,7,12,155,2,176,1.8,3.0,38.8,0.5,44.0,0
2020-05-10,3,16,22,19.0,7,17,34,563,4,618,2.4,4.9,80.4,0.6,88.3,0
2020-05-11,3,8,15,11.5,10,137,242,1442,11,1832,13.7,24.2,144.2,1.1,183.2,0
2020-05-12,2,6,14,10.0,9,25,63,444,3,535,2.8,7.0,49.3,0.3,59.4,0
2020-05-13,3,7,15,11.0,8,79,112,917,21,1129,9.9,14.0,114.6,2.6,141.1,0
2020-05-14,3,6,15,10.5,10,40,25,301,2,368,4.0,2.5,30.1,0.2,36.8,0
2020-05-15,3,7,16,11.5,8,134,436,2381,28,2979,16.8,54.5,297.6,3.5,372.4,0
2020-05-16,3,9,19,14.0,5,69,56,361,8,494,13.8,11.2,72.2,1.6,98.8,0
2020-05-17,3,10,22,16.0,7,49,92,647,4,792,7.0,13.1,92.4,0.6,113.1,0
2020-05-18,3,13,23,18.0,6,51,61,809,1,922,8.5,10.2,134.8,0.2,153.7,0
2020-05-19,3,13,24,18.5,6,18,19,196,1,234,3.0,3.2,32.7,0.2,39.0,0
2020-05-20,3,15,26,20.5,5,24,27,279,4,334,4.8,5.4,55.8,0.8,66.8,0
2020-05-21,3,19,29,24.0,5,31,36,335,3,405,6.2,7.2,67.0,0.6,81.0,0
2020-05-22,3,18,25,21.5,5,26,28,503,0,557,5.2,5.6,100.6,0.0,111.4,0
2020-05-23,2,15,19,17.0,5,5,14,146,0,165,1.0,2.8,29.2,0.0,33.0,0
2020-05-24,3,12,19,15.5,5,26,30,473,3,532,5.2,6.0,94.6,0.6,106.4,0
2020-05-25,3,13,23,18.0,8,531,667,1502,46,2746,66.4,83.4,187.8,5.8,343.2,0
2020-05-26,3,15,24,19.5,12,620,587,2192,70,3469,51.7,48.9,182.7,5.8,289.1,1
2020-05-27,3,16,25,20.5,10,376,369,522,24,1291,37.6,36.9,52.2,2.4,129.1,1
2020-05-28,3,14,23,18.5,9,404,390,565,32,1391,44.9,43.3,62.8,3.6,154.6,1
2020-05-29,3,15,22,18.5,14,815,831,1909,59,3614,58.2,59.4,136.4,4.2,258.1,1
2020-05-30,3,16,24,20.0,4,11,34,192,2,239,2.8,8.5,48.0,0.5,59.8,0
2020-05-31,3,15,22,18.5,5,27,26,234,3,290,5.4,5.2,46.8,0.6,58.0,0
2020-06-01,3,14,26,20.0,5,16,24,212,0,252,3.2,4.8,42.4,0.0,50.4,0
2020-06-02,3,18,27,22.5,8,39,17,309,1,366,4.9,2.1,38.6,0.1,45.8,1
2020-06-03,2,18,24,21.0,4,12,4,134,2,152,3.0,1.0,33.5,0.5,38.0,0
2020-06-04,1,13,16,14.5,11,66,51,610,7,734,6.0,4.6,55.5,0.6,66.7,0
2020-06-05,2,11,16,13.5,6,22,18,294,9,343,3.7,3.0,49.0,1.5,57.2,0
2020-06-06,3,13,17,15.0,5,9,21,202,0,232,1.8,4.2,40.4,0.0,46.4,0
2020-06-07,2,11,20,15.5,5,18,72,723,0,813,3.6,14.4,144.6,0.0,162.6,0
2020-06-08,2,12,20,16.0,8,63,114,1307,8,1492,7.9,14.2,163.4,1.0,186.5,0
2020-06-09,2,10,18,14.0,5,10,13,196,2,221,2.0,2.6,39.2,0.4,44.2,0
2020-06-10,3,12,22,17.0,6,9,9,188,2,208,1.5,1.5,31.3,0.3,34.7,0
2020-06-11,3,14,22,18.0,6,27,29,529,0,585,4.5,4.8,88.2,0.0,97.5,0
2020-06-12,1,15,20,17.5,13,1047,8371,4391,281,14090,80.5,643.9,337.8,21.6,1083.8,1
2020-06-13,3,14,23,18.5,5,19,80,322,6,427,3.8,16.0,64.4,1.2,85.4,0
2020-06-14,3,15,23,19.0,6,154,304,584,9,1051,25.7,50.7,97.3,1.5,175.2,0
2020-06-15,2,15,22,18.5,9,394,114,489,13,1010,43.8,12.7,54.3,1.4,112.2,0
2020-06-16,3,15,23,19.0,11,40,140,502,5,687,3.6,12.7,45.6,0.5,62.5,1
2020-06-17,2,16,22,19.0,11,79,43,539,8,669,7.2,3.9,49.0,0.7,60.8,2
2020-06-18,3,15,21,18.0,5,8,9,175,1,193,1.6,1.8,35.0,0.2,38.6,0
2020-06-19,3,14,21,17.5,16,420,74,1035,34,1563,26.2,4.6,64.7,2.1,97.7,0
2020-06-20,2,16,24,20.0,5,6,3,180,0,189,1.2,0.6,36.0,0.0,37.8,0
2020-06-21,3,17,20,18.5,6,16,16,257,2,291,2.7,2.7,42.8,0.3,48.5,0
2020-06-22,3,17,27,22.0,7,33,1,151,26,211,4.7,0.1,21.6,3.7,30.1,0
2020-06-23,3,18,28,23.0,9,6,1,105,0,112,0.7,0.1,11.7,0.0,12.4,0
2020-06-24,3,21,30,25.5,8,44,63,501,13,621,5.5,7.9,62.6,1.6,77.6,0
2020-06-25,3,22,31,26.5,9,31,118,1181,5,1335,3.4,13.1,131.2,0.6,148.3,0
2020-06-26,3,23,28,25.5,7,10,13,255,1,279,1.4,1.9,36.4,0.1,39.9,0
2020-06-27,2,18,23,20.5,4,4,6,120,0,130,1.0,1.5,30.0,0.0,32.5,0
2020-06-28,2,16,22,19.0,6,16,8,251,1,276,2.7,1.3,41.8,0.2,46.0,0
2020-06-29,3,16,20,18.0,6,12,8,145,1,166,2.0,1.3,24.2,0.2,27.7,0
2020-06-30,2,15,21,18.0,6,8,8,159,0,175,1.3,1.3,26.5,0.0,29.2,0
2020-07-01,2,14,22,18.0,7,16,7,201,0,224,2.3,1.0,28.7,0.0,32.0,0
2020-07-02,2,16,21,18.5,9,24,23,286,0,333,2.7,2.6,31.8,0.0,37.0,0
2020-07-03,3,15,22,18.5,6,6,4,120,0,130,1.0,0.7,20.0,0.0,21.7,0
2020-07-04,2,15,21,18.0,6,8,13,182,0,203,1.3,2.2,30.3,0.0,33.8,0
2020-07-05,2,18,22,20.0,6,14,11,283,0,308,2.3,1.8,47.2,0.0,51.3,0
2020-07-06,2,13,20,16.5,6,30,7,161,2,200,5.0,1.2,26.8,0.3,33.3,0
2020-07-07,3,16,25,20.5,7,12,8,173,3,196,1.7,1.1,24.7,0.4,28.0,0
2020-07-08,3,17,25,21.0,9,28,7,290,2,327,3.1,0.8,32.2,0.2,36.3,0
2020-07-09,3,19,29,24.0,10,14,4,214,0,232,1.4,0.4,21.4,0.0,23.2,0
2020-07-10,2,18,22,20.0,6,7,10,161,0,178,1.2,1.7,26.8,0.0,29.7,0
2020-07-11,3,17,23,20.0,5,21,13,281,3,318,4.2,2.6,56.2,0.6,63.6,0
2020-07-12,3,16,25,20.5,6,13,11,295,3,322,2.2,1.8,49.2,0.5,53.7,0
2020-07-13,3,17,26,21.5,7,11,5,125,2,143,1.6,0.7,17.9,0.3,20.4,0
2020-07-14,2,18,23,20.5,7,17,11,298,2,328,2.4,1.6,42.6,0.3,46.9,0
2020-07-15,2,17,22,19.5,6,6,0,143,0,149,1.0,0.0,23.8,0.0,24.8,0
2020-07-16,2,17,21,19.0,10,1333,14750,6006,454,22543,133.3,1475.0,600.6,45.4,2254.3,0
2020-07-17,3,17,25,21.0,8,34,152,428,8,622,4.2,19.0,53.5,1.0,77.8,0
2020-07-18,3,19,29,24.0,6,63,143,397,3,606,10.5,23.8,66.2,0.5,101.0,0
2020-07-19,2,19,30,24.5,7,17,91,453,3,564,2.4,13.0,64.7,0.4,80.6,0
2020-07-20,3,17,25,21.0,7,16,91,367,1,475,2.3,13.0,52.4,0.1,67.9,0
2020-07-21,3,16,26,21.0,5,16,17,249,2,284,3.2,3.4,49.8,0.4,56.8,0
2020-07-22,2,16,26,21.0,7,153,174,446,11,784,21.9,24.9,63.7,1.6,112.0,0
2020-07-23,3,18,28,23.0,6,9,9,171,2,191,1.5,1.5,28.5,0.3,31.8,0
2020-07-24,2,18,25,21.5,8,20,44,213,1,278,2.5,5.5,26.6,0.1,34.8,0
2020-07-25,3,19,25,22.0,5,15,12,151,1,179,3.0,2.4,30.2,0.2,35.8,0
2020-07-26,3,18,25,21.5,7,392,296,549,27,1264,56.0,42.3,78.4,3.9,180.6,1
2020-07-27,3,19,29,24.0,7,15,70,264,4,353,2.1,10.0,37.7,0.6,50.4,0
2020-07-28,3,18,24,21.0,4,5,11,124,1,141,1.2,2.8,31.0,0.2,35.2,0
2020-07-29,3,18,28,23.0,4,7,66,174,2,249,1.8,16.5,43.5,0.5,62.2,0
2020-07-30,3,19,33,26.0,5,10,9,137,0,156,2.0,1.8,27.4,0.0,31.2,0
2020-07-31,3,25,37,31.0,5,14,76,236,2,328,2.8,15.2,47.2,0.4,65.6,0
2020-08-01,2,21,28,24.5,3,6,6,113,0,125,2.0,2.0,37.7,0.0,41.7,0
2020-08-02,3,17,25,21.0,7,57,166,525,9,757,8.1,23.7,75.0,1.3,108.1,1
2020-08-03,2,18,23,20.5,8,43,16,446,2,507,5.4,2.0,55.8,0.2,63.4,0
2020-08-04,3,17,27,22.0,8,23,19,280,4,326,2.9,2.4,35.0,0.5,40.8,0
2020-08-05,3,19,31,25.0,10,10,14,134,0,158,1.0,1.4,13.4,0.0,15.8,0
2020-08-06,3,23,34,28.5,8,15,21,258,3,297,1.9,2.6,32.2,0.4,37.1,0
2020-08-07,3,27,37,32.0,7,7,4,115,4,130,1.0,0.6,16.4,0.6,18.6,0
2020-08-08,3,27,38,32.5,6,29,8,208,4,249,4.8,1.3,34.7,0.7,41.5,0
2020-08-09,0,27,37,32.0,4,30,56,512,3,601,7.5,14.0,128.0,0.8,150.2,0
2020-08-10,3,25,36,30.5,6,13,11,168,1,193,2.2,1.8,28.0,0.2,32.2,0
2020-08-11,3,27,38,32.5,11,32,48,369,4,453,2.9,4.4,33.5,0.4,41.2,0
2020-08-12,3,27,35,31.0,5,7,7,121,1,136,1.4,1.4,24.2,0.2,27.2,0
2020-08-13,2,23,28,25.5,5,8,4,111,1,124,1.6,0.8,22.2,0.2,24.8,0
2020-08-14,3,20,26,23.0,16,54,105,708,5,872,3.4,6.6,44.2,0.3,54.5,0
2020-08-15,3,21,30,25.5,6,25,36,365,2,428,4.2,6.0,60.8,0.3,71.3,0
2020-08-16,2,21,28,24.5,7,8,20,283,2,313,1.1,2.9,40.4,0.3,44.7,0
2020-08-17,2,18,24,21.0,9,14,9,160,1,184,1.6,1.0,17.8,0.1,20.4,0
2020-08-18,3,19,26,22.5,8,38,44,363,7,452,4.8,5.5,45.4,0.9,56.5,0
2020-08-19,3,16,23,19.5,7,11,13,174,0,198,1.6,1.9,24.9,0.0,28.3,0
2020-08-20,3,22,32,27.0,10,15,28,269,2,314,1.5,2.8,26.9,0.2,31.4,0
2020-08-21,3,22,27,24.5,9,10,33,208,3,254,1.1,3.7,23.1,0.3,28.2,0
2020-08-22,3,18,24,21.0,6,6,20,180,0,206,1.0,3.3,30.0,0.0,34.3,0
2020-08-23,3,16,22,19.0,8,29,48,396,1,474,3.6,6.0,49.5,0.1,59.2,0
2020-08-24,2,16,23,19.5,7,9,18,184,0,211,1.3,2.6,26.3,0.0,30.1,0
2020-08-25,3,18,25,21.5,5,8,9,171,2,190,1.6,1.8,34.2,0.4,38.0,0
2020-08-26,3,17,23,20.0,10,41,45,628,6,720,4.1,4.5,62.8,0.6,72.0,0
2020-08-27,3,17,25,21.0,7,10,18,167,1,196,1.4,2.6,23.9,0.1,28.0,0
2020-08-28,2,15,23,19.0,6,9,17,162,0,188,1.5,2.8,27.0,0.0,31.3,0
2020-08-29,3,13,18,15.5,7,8,31,209,0,248,1.1,4.4,29.9,0.0,35.4,0
2020-08-30,2,14,21,17.5,8,15,41,424,1,481,1.9,5.1,53.0,0.1,60.1,0
2020-08-31,3,14,20,17.0,6,5,21,154,2,182,0.8,3.5,25.7,0.3,30.3,0
2020-09-01,3,14,21,17.5,9,18,29,308,0,355,2.0,3.2,34.2,0.0,39.4,0
2020-09-02,3,15,25,20.0,9,19,20,208,1,248,2.1,2.2,23.1,0.1,27.6,0
2020-09-03,3,17,26,21.5,8,18,36,228,2,284,2.2,4.5,28.5,0.2,35.5,0
2020-09-04,3,19,29,24.0,8,9,16,155,1,181,1.1,2.0,19.4,0.1,22.6,0
2020-09-05,2,16,21,18.5,6,8,18,184,1,211,1.3,3.0,30.7,0.2,35.2,0
2020-09-06,3,14,20,17.0,7,12,21,244,0,277,1.7,3.0,34.9,0.0,39.6,0
2020-09-07,3,15,25,20.0,7,5,11,135,1,152,0.7,1.6,19.3,0.1,21.7,0
2020-09-08,2,17,23,20.0,8,8,19,229,0,256,1.0,2.4,28.6,0.0,32.0,0
2020-09-09,3,18,27,22.5,13,132,115,1034,19,1300,10.2,8.8,79.5,1.5,100.0,0
2020-09-10,2,18,27,22.5,8,5,20,202,2,229,0.6,2.5,25.2,0.2,28.6,0
2020-09-11,3,19,27,23.0,8,14,22,279,2,317,1.8,2.8,34.9,0.2,39.6,0
2020-09-12,3,15,28,21.5,6,13,35,256,1,305,2.2,5.8,42.7,0.2,50.8,0
2020-09-13,3,19,32,25.5,8,29,32,390,1,452,3.6,4.0,48.8,0.1,56.5,0
2020-09-14,3,21,36,28.5,10,94,33,314,4,445,9.4,3.3,31.4,0.4,44.5,0
2020-09-15,3,22,34,28.0,7,8,16,201,1,226,1.1,2.3,28.7,0.1,32.3,0
2020-09-16,3,22,32,27.0,9,23,16,203,2,244,2.6,1.8,22.6,0.2,27.1,0
2020-09-17,3,17,27,22.0,18,805,446,4337,40,5628,44.7,24.8,240.9,2.2,312.7,0
2020-09-18,3,16,28,22.0,10,56,32,389,2,479,5.6,3.2,38.9,0.2,47.9,0
2020-09-19,3,21,28,24.5,6,10,23,180,2,215,1.7,3.8,30.0,0.3,35.8,0
2020-09-20,3,19,28,23.5,7,10,28,247,0,285,1.4,4.0,35.3,0.0,40.7,0
2020-09-21,3,17,29,23.0,5,4,7,143,0,154,0.8,1.4,28.6,0.0,30.8,0
2020-09-22,3,17,26,21.5,7,14,10,146,2,172,2.0,1.4,20.9,0.3,24.6,0
2020-09-23,2,17,23,20.0,10,13,22,161,0,196,1.3,2.2,16.1,0.0,19.6,0
2020-09-24,2,12,18,15.0,10,56,346,1925,15,2342,5.6,34.6,192.5,1.5,234.2,0
2020-09-25,1,10,13,11.5,14,430,757,4394,49,5630,30.7,54.1,313.9,3.5,402.1,0
2020-09-26,2,10,14,12.0,7,7,21,172,0,200,1.0,3.0,24.6,0.0,28.6,1
2020-09-27,1,11,16,13.5,9,16,21,282,4,323,1.8,2.3,31.3,0.4,35.9,0
2020-09-28,1,14,15,14.5,8,28,88,588,1,705,3.5,11.0,73.5,0.1,88.1,0
2020-09-29,2,14,17,15.5,14,384,3006,1852,40,5282,27.4,214.7,132.3,2.9,377.3,1
2020-09-30,2,15,19,17.0,10,26,44,340,3,413,2.6,4.4,34.0,0.3,41.3,0
2020-10-01,2,14,17,15.5,13,103,239,1536,10,1888,7.9,18.4,118.2,0.8,145.2,1
2020-10-02,1,12,15,13.5,10,82,359,2153,23,2617,8.2,35.9,215.3,2.3,261.7,1
2020-10-03,3,11,15,13.0,6,40,77,327,1,445,6.7,12.8,54.5,0.2,74.2,1
2020-10-04,2,9,15,12.0,8,61,185,823,3,1072,7.6,23.1,102.9,0.4,134.0,1
2020-10-05,1,11,14,12.5,8,53,170,857,5,1085,6.6,21.2,107.1,0.6,135.6,1
2020-10-06,2,12,15,13.5,11,3453,48772,17700,614,70539,313.9,4433.8,1609.1,55.8,6412.6,1
2020-10-07,2,13,16,14.5,11,117,945,3716,26,4804,10.6,85.9,337.8,2.4,436.7,0
2020-10-08,2,14,19,16.5,13,71,349,807,5,1232,5.5,26.8,62.1,0.4,94.8,0
2020-10-09,1,13,16,14.5,11,283,1200,3485,30,4998,25.7,109.1,316.8,2.7,454.4,0
2020-10-10,3,11,15,13.0,8,90,603,996,12,1701,11.2,75.4,124.5,1.5,212.6,0
2020-10-11,3,10,15,12.5,11,382,1248,3195,32,4857,34.7,113.5,290.5,2.9,441.5,2
2020-10-12,2,9,15,12.0,10,141,608,1519,5,2273,14.1,60.8,151.9,0.5,227.3,1
2020-10-13,1,10,14,12.0,13,133,869,1803,6,2811,10.2,66.8,138.7,0.5,216.2,3
2020-10-14,2,9,13,11.0,12,63,478,1034,5,1580,5.2,39.8,86.2,0.4,131.7,0
2020-10-15,2,8,12,10.0,10,314,1059,2264,20,3657,31.4,105.9,226.4,2.0,365.7,2
2020-10-16,3,7,14,10.5,12,204,549,1260,7,2020,17.0,45.8,105.0,0.6,168.3,0
2020-10-17,2,7,13,10.0,7,793,1461,2138,37,4429,113.3,208.7,305.4,5.3,632.7,0
2020-10-18,2,9,13,11.0,8,86,495,1157,5,1743,10.8,61.9,144.6,0.6,217.9,0
2020-10-19,3,9,14,11.5,9,240,944,2322,21,3527,26.7,104.9,258.0,2.3,391.9,0
2020-10-20,2,11,15,13.0,13,410,234,1930,6,2580,31.5,18.0,148.5,0.5,198.5,1
2020-10-21,3,14,20,17.0,6,26,43,288,2,359,4.3,7.2,48.0,0.3,59.8,0
2020-10-22,3,15,20,17.5,7,21,44,332,3,400,3.0,6.3,47.4,0.4,57.1,0
2020-10-23,2,14,20,17.0,10,27,51,506,10,594,2.7,5.1,50.6,1.0,59.4,0
2020-10-24,2,12,16,14.0,6,24,24,294,2,344,4.0,4.0,49.0,0.3,57.3,0
2020-10-25,1,12,16,14.0,8,22,27,551,8,608,2.8,3.4,68.9,1.0,76.0,0
2020-10-26,3,10,14,12.0,8,37,33,454,3,527,4.6,4.1,56.8,0.4,65.9,0
2020-10-27,2,4,11,7.5,6,21,25,329,3,378,3.5,4.2,54.8,0.5,63.0,0
2020-10-28,3,7,14,10.5,7,16,26,289,1,332,2.3,3.7,41.3,0.1,47.4,0
2020-10-29,2,8,15,11.5,17,171,68,925,19,1183,10.1,4.0,54.4,1.1,69.6,0
2020-10-30,2,13,16,14.5,17,39,207,1488,14,1748,2.3,12.2,87.5,0.8,102.8,0
2020-10-31,3,12,17,14.5,7,27,51,529,1,608,3.9,7.3,75.6,0.1,86.9,0
2020-11-01,1,9,17,13.0,7,37,41,521,8,607,5.3,5.9,74.4,1.1,86.7,0
2020-11-02,2,12,18,15.0,6,90,226,1783,22,2121,15.0,37.7,297.2,3.7,353.5,0
2020-11-03,3,10,12,11.0,7,17,28,265,1,311,2.4,4.0,37.9,0.1,44.4,0
2020-11-04,3,8,12,10.0,6,20,16,198,2,236,3.3,2.7,33.0,0.3,39.3,0
2020-11-05,3,7,12,9.5,8,46,30,351,4,431,5.8,3.8,43.9,0.5,53.9,0
2020-11-06,3,7,12,9.5,8,13,23,367,6,409,1.6,2.9,45.9,0.8,51.1,0
2020-11-07,3,10,17,13.5,5,23,18,313,5,359,4.6,3.6,62.6,1.0,71.8,0
2020-11-08,3,12,17,14.5,5,28,20,417,1,466,5.6,4.0,83.4,0.2,93.2,0
2020-11-09,3,12,17,14.5,17,78,56,675,10,819,4.6,3.3,39.7,0.6,48.2,0
2020-11-10,2,12,16,14.0,10,45,52,523,1,621,4.5,5.2,52.3,0.1,62.1,0
2020-11-11,2,11,15,13.0,6,30,25,439,1,495,5.0,4.2,73.2,0.2,82.5,0
2020-11-12,3,9,15,12.0,6,15,19,206,0,240,2.5,3.2,34.3,0.0,40.0,0
2020-11-13,2,12,15,13.5,9,30,103,526,4,663,3.3,11.4,58.4,0.4,73.7,0
2020-11-14,3,12,16,14.0,6,14,25,232,0,271,2.3,4.2,38.7,0.0,45.2,0
2020-11-15,3,11,15,13.0,7,14,19,310,4,347,2.0,2.7,44.3,0.6,49.6,0
2020-11-16,2,11,13,12.0,7,97,141,678,16,932,13.9,20.1,96.9,2.3,133.1,0
2020-11-17,3,9,14,11.5,5,42,100,654,9,805,8.4,20.0,130.8,1.8,161.0,0
2020-11-18,3,10,16,13.0,12,3131,52301,19151,5751,80334,260.9,4358.4,1595.9,479.2,6694.5,1
2020-11-19,2,9,12,10.5,12,213,621,2523,93,3450,17.8,51.8,210.2,7.8,287.5,0
2020-11-20,3,7,10,8.5,17,84,487,1344,64,1979,4.9,28.6,79.1,3.8,116.4,0
2020-11-21,3,6,10,8.0,7,447,1200,2094,242,3983,63.9,171.4,299.1,34.6,569.0,1
2020-11-22,3,7,11,9.0,8,85,497,1077,70,1729,10.6,62.1,134.6,8.8,216.1,0
2020-11-23,2,8,11,9.5,8,273,1095,2253,216,3837,34.1,136.9,281.6,27.0,479.6,2
2020-11-24,2,7,10,8.5,15,87,383,1280,47,1797,5.8,25.5,85.3,3.1,119.8,1
2020-11-25,2,7,11,9.0,10,149,495,1711,61,2416,14.9,49.5,171.1,6.1,241.6,2
2020-11-26,3,8,12,10.0,10,58,438,1083,40,1619,5.8,43.8,108.3,4.0,161.9,0
2020-11-27,3,8,11,9.5,14,322,1042,2142,181,3687,23.0,74.4,153.0,12.9,263.4,2
2020-11-28,3,7,12,9.5,9,65,408,1143,63,1679,7.2,45.3,127.0,7.0,186.6,0
2020-11-29,3,6,10,8.0,8,1321,2320,3656,494,7791,165.1,290.0,457.0,61.8,973.9,0
2020-11-30,3,2,8,5.0,9,100,659,1397,77,2233,11.1,73.2,155.2,8.6,248.1,0
